source,target,result,notes,source_url,verified,season_verified
brava.kludge_drone,mute.signal_disruptor,hack_convert,Jammer switches allegiance and then disrupts defender devices instead (which ones: see mute.signal_disruptor_converted rows). The hack must START from outside the 2.6 m jam radius with the jammer in view and in range; once started only range is needed (LOS not required). Costs one Kludge charge (3 per Kludge UNVERIFIED). Hack time UNVERIFIED (placeholder 3 s). Still hackable in Y11 (Y11S1.2 fix text).,https://rainbowsix.fandom.com/wiki/Brava ; https://rainbowsix.fandom.com/wiki/Mute ; https://news.ubisoft.com/en-us/article/2SY2EgP1gLzVdXkz6uZSYu/rainbow-six-siege-operation-commanding-force-operator-and-gadget-guide ; https://www.ubisoft.com/en-us/game/rainbow-six/siege/news-updates/ivbm7sXcU7iG89d7wQtlx/y11s12-patch-notes ; https://www.ubisoft.com/en-us/game/rainbow-six/siege/news-updates/2EIn06EmkAIG7su2fpITue/y11s23-patch-notes,yes,Y11S1.2
brava.kludge_drone,generic.bulletproof_camera,hack_convert,Attackers get the feed (green tint + Brava badge); the camera glows in the viewer team colour. Also applies to Sentry/Mute/Lesion cameras. Defender picking it up before the hack finishes refunds the charge (Y8S1.1).,https://rainbowsix.fandom.com/wiki/Brava ; https://news.ubisoft.com/en-us/article/2SY2EgP1gLzVdXkz6uZSYu/rainbow-six-siege-operation-commanding-force-operator-and-gadget-guide ; https://www.ubisoft.com/en-gb/game/rainbow-six/siege/news-updates/y68BmuBkDaaIkoOPZEk4c,yes,Fandom 2026-09
brava.kludge_drone,generic.bulletproof_camera_dart,hack_disables_dart,After conversion attackers presumably cannot fire the EMP dart: Fandom states attackers who hack it (Dokkaebi) cannot fire it. Not stated for Brava specifically.,https://rainbowsix.fandom.com/wiki/Bulletproof_Camera ; https://rainbowsix.fandom.com/wiki/Brava,UNVERIFIED,Fandom 2026-09
brava.kludge_drone,generic.proximity_alarm,hack_convert,"""Switches allegiance"". Post-conversion behaviour (triggers on defenders and alerts attackers?) is UNVERIFIED; see generic.proximity_alarm_converted row.",https://rainbowsix.fandom.com/wiki/Brava ; https://siege.gg/news/proximity-alarm,yes,Fandom 2026-09
brava.kludge_drone,generic.observation_blocker,hack_convert,"""Switches allegiance"". Presumably then hides attackers from defender cameras (UNVERIFIED; see generic.observation_blocker_converted row). The blocker can only be hacked if seen from outside its screen.",https://rainbowsix.fandom.com/wiki/Brava ; https://rainbowsix.fandom.com/wiki/Observation_Blocker,yes,Fandom 2026-09
brava.kludge_drone,generic.nitro_cell,hack_destroy,"Kludge cannot control a Nitro Cell (""C4 emplacements""), so it self-destructs after a short delay (delay UNVERIFIED). Whether it deals blast damage when destroyed this way is UNVERIFIED (a shot Nitro Cell only leaves a harmless puff).",https://rainbowsix.fandom.com/wiki/Brava ; https://rainbowsix.fandom.com/wiki/C4 ; https://www.ubisoft.com/en-us/game/rainbow-six/siege/game-info/operators/brava,yes,Fandom 2026-09
brava.kludge_drone,camera.default,hack_convert,Defenders lose the camera; attackers can use the feed.,https://rainbowsix.fandom.com/wiki/Brava ; https://rainbowsix.fandom.com/wiki/CCTV ; https://news.ubisoft.com/en-us/article/2SY2EgP1gLzVdXkz6uZSYu/rainbow-six-siege-operation-commanding-force-operator-and-gadget-guide,yes,Y8S1
brava.kludge_drone,skopos.shell_idle,hack_destroy,"Overheats and destroys the INACTIVE shell. Skopos gets a warning and cancels it by swapping into that shell. Overheat time ~8 s (siege.gg test-server value, UNVERIFIED). Destroyed idle shell: Skopos is not eliminated but can no longer swap.",https://news.ubisoft.com/en-us/article/6md8NyzcybEjZ2bMROA5fP/rainbow-six-siege-operation-twin-shells-operator-and-gadget-guide ; https://rainbowsix.fandom.com/wiki/Skop%C3%B3s ; https://siege.gg/news/rainbow-six-siege-operator-guide-skopos ; https://www.trichotome-design.com/blog/2024/9/15/skops-behind-the-scenes,yes,Y9S3
brava.kludge_drone,skopos.shell_active,no_effect,"The active shell is ""not vulnerable to EMPs, hacks, or Brava's drone sabotage"".",https://news.ubisoft.com/en-us/article/6md8NyzcybEjZ2bMROA5fP/rainbow-six-siege-operation-twin-shells-operator-and-gadget-guide,yes,Y9S3
brava.kludge_drone,mira.black_mirror,no_effect,Not electronic; absent from every Kludge hack/destroy list; one low-priority guide states it explicitly.,https://rainbowsix.fandom.com/wiki/Brava ; https://www.dualshockers.com/rainbow-six-siege-best-brava-loadout-gadget-strategies/,yes,Fandom 2026-09
brava.kludge_drone,lesion.gu_mine,no_effect,"Gu mines are Mechanical since Y8S3 (no EMP, no IQ, no Brava hack). Guides from Y8S1-Y8S2 saying otherwise are outdated.",https://www.ubisoft.com/en-us/game/rainbow-six/siege/news-updates/2Btj0mP7e7gVKIODGSLuiX/y8s3-designers-notes ; https://rainbowsix.fandom.com/wiki/Lesion,yes,Y8S3
brava.kludge_drone,pulse.cardiac_sensor,no_effect,"Hand-held device, never placed in the world, on no hack list. Inferred; no explicit statement found.",https://rainbowsix.fandom.com/wiki/Brava,UNVERIFIED,inferred
brava.kludge_drone,generic.deployable_shield,no_effect,Not electronic (Fandom EMP list: not affected); not on the Kludge list.,https://rainbowsix.fandom.com/wiki/Brava ; https://rainbowsix.fandom.com/wiki/EMP_Grenade,yes,Fandom 2026-09
brava.kludge_drone,generic.barbed_wire,no_effect,Not electronic; not on the Kludge list. (Electrified wire is out of roster.),https://rainbowsix.fandom.com/wiki/Brava ; https://rainbowsix.fandom.com/wiki/EMP_Grenade,yes,Fandom 2026-09
brava.kludge_drone,drone.standard,no_effect,"The Kludge never hacks friendly (attacker) devices while Brava controls it. (Only Mozzie-stolen devices, out of roster, can be re-hacked.)",https://rainbowsix.fandom.com/wiki/Brava,yes,Fandom 2026-09
mute.signal_disruptor,drone.standard,disable_while_in_radius,Sphere radius 2.6 m (Y11S2.3; was 2.475). Inside: feed shows static and control is lost. Static warning starts at 4.875 m. Owner can still pick the drone up. Works in prep phase too.,https://www.ubisoft.com/en-us/game/rainbow-six/siege/news-updates/2EIn06EmkAIG7su2fpITue/y11s23-patch-notes ; https://rainbowsix.fandom.com/wiki/Mute ; https://rainbowsix.fandom.com/wiki/Drone,yes,Y11S2.3
mute.signal_disruptor,brava.kludge_drone,disable_while_in_radius,"Same as drones: Kludge stops working inside 2.6 m. Counter-play: hack the jammer from outside its radius, or use the second Kludge. Whether a Kludge outside the radius can hack a device that sits INSIDE a jammer radius is UNVERIFIED.",https://rainbowsix.fandom.com/wiki/Mute ; https://rainbowsix.fandom.com/wiki/Brava ; https://news.ubisoft.com/en-us/article/2SY2EgP1gLzVdXkz6uZSYu/rainbow-six-siege-operation-commanding-force-operator-and-gadget-guide ; https://www.ubisoft.com/en-us/game/rainbow-six/siege/news-updates/2EIn06EmkAIG7su2fpITue/y11s23-patch-notes,yes,Y11S2.3
mute.signal_disruptor,generic.breach_charge,jam_prevents_detonation,"Remote device. Detonation is blocked while the charge OR the triggering operator is within 2.6 m of an active enemy-aligned jammer; it works again once the jammer is gone/disabled. Applies to Fuze, Striker and Dokkaebi charges.",https://www.ubisoft.com/en-us/game/rainbow-six/siege/news-updates/1XzWbYPWo59u7NgZVDjaIm/y10s4-designers-notes ; https://www.ubisoft.com/en-us/game/rainbow-six/siege/news-updates/seasons/tenfoldpursuit ; https://www.ubisoft.com/en-us/game/rainbow-six/siege/news-updates/2EIn06EmkAIG7su2fpITue/y11s23-patch-notes ; https://rainbowsix.fandom.com/wiki/Mute ; https://rainbowsix.fandom.com/wiki/Breach_Charge/Siege,yes,Y10S4
mute.signal_disruptor,generic.hard_breach_charge,no_effect,"CONFLICT. Fandom Mute (current rev) and Fandom HBC both say jammers disable HBCs, but the HBC has a timed fuse and no remote trigger (official Y5S3 DN; Fandom HBC), and the official Y10S4 rule is that Mute only affects gadgets with signals coming in or out. Chosen: no_effect (official rule). Make it a config flag (mute_jams_hbc=false) until Ulo tests it.",https://www.ubisoft.com/en-us/game/rainbow-six/siege/news-updates/1XzWbYPWo59u7NgZVDjaIm/y10s4-designers-notes ; https://www.ubisoft.com/en-us/game/rainbow-six/siege/news-updates/2LqpNY95OdSdWBB8SBEmbg/y5s3-preseason-designers-notes ; https://rainbowsix.fandom.com/wiki/Mute ; https://rainbowsix.fandom.com/wiki/Hard_Breach_Charge,UNVERIFIED,Y10S4 (inferred)
mute.signal_disruptor,generic.claymore,no_effect,"Automated laser trigger. Fandom Mute counters list: jammers ""will not stop Claymores""; matches the official Y10S4 example (automated SELMA unaffected). Y6S1 had made jammers stop Claymores; that is historic.",https://rainbowsix.fandom.com/wiki/Mute ; https://www.ubisoft.com/en-us/game/rainbow-six/siege/news-updates/1XzWbYPWo59u7NgZVDjaIm/y10s4-designers-notes,yes,Y10S4
mute.signal_disruptor,fuze.cluster_charge,jam_prevents_detonation,"Charge or Fuze within 2.6 m: the trigger is blocked and sub-grenades do not deploy. A jammer placed AFTER the trigger has no effect. Y10S4.1 ""FIXED - Mute's Signal Disruptor can deactivate Fuze's Cluster Charge"" has unclear intent. Default: block triggering only; never cancel an already-triggered/drilling charge and never permanently deactivate it.",https://rainbowsix.fandom.com/wiki/Mute ; https://rainbowsix.fandom.com/wiki/Fuze_(Siege) ; https://www.ubisoft.com/en-us/game/rainbow-six/siege/news-updates/2zsUnVBdSsc10rirkPl1K5/y6s3-preseason-designers-notes ; https://www.ubisoft.com/en-us/game/rainbow-six/siege/news-updates/1XzWbYPWo59u7NgZVDjaIm/y10s4-designers-notes ; https://www.ubisoft.com/en-us/game/rainbow-six/siege/news-updates/3aYq6D0VHo1HJ5ZNfLtiNs/y10s41-patch-notes,UNVERIFIED,Y10S4.1
mute.signal_disruptor,thermite.exothermic_charge,jam_prevents_detonation,Official Y10S4 example. Blocked while the charge OR Thermite is within 2.6 m. Workaround: detonate on an adjacent wall/floor outside the radius (~4 m blast still opens the jammed wall).,https://www.ubisoft.com/en-us/game/rainbow-six/siege/news-updates/1XzWbYPWo59u7NgZVDjaIm/y10s4-designers-notes ; https://www.ubisoft.com/en-us/game/rainbow-six/siege/news-updates/seasons/tenfoldpursuit ; https://rainbowsix.fandom.com/wiki/Thermite_(Siege) ; https://www.ubisoft.com/en-us/game/rainbow-six/siege/news-updates/2EIn06EmkAIG7su2fpITue/y11s23-patch-notes,yes,Y10S4
mute.signal_disruptor,dokkaebi.jegeo_payload,interrupt_upload,"Y11S3: the upload needs a continuous tablet-to-phone connection and ""Defenders can actively interrupt the process using gadgets, such as Signal Disruptors"". A cancelled upload does not explode the phone. A defender already inside a radius cannot be hit (Fandom). Whether a target walking INTO a radius mid-upload cancels it is assumed yes (UNVERIFIED detail).",https://www.ubisoft.com/en-us/game/rainbow-six/siege/news-updates/PONCuRt8LaCr3O31NkBQb/y11s3-designers-notes ; https://news.ubisoft.com/en-us/article/4qqpGJZSWrrS3Ko2hYvviK/rainbow-six-siege-operation-split-fire-new-operator-noor-3v3-arcade-mode-wasteland-circuit-event-and-more ; https://rainbowsix.fandom.com/wiki/Mute ; https://rainbowsix.fandom.com/wiki/Dokkaebi,yes,Y11S3
mute.signal_disruptor,dokkaebi.tablet,jam_prevents_upload,"PLACEHOLDER. If Dokkaebi herself (not the target) stands inside a jammer radius, can she still upload? The operator-or-device rule used for remote charges suggests she cannot.",https://www.ubisoft.com/en-us/game/rainbow-six/siege/news-updates/1XzWbYPWo59u7NgZVDjaIm/y10s4-designers-notes ; https://www.ubisoft.com/en-us/game/rainbow-six/siege/news-updates/PONCuRt8LaCr3O31NkBQb/y11s3-designers-notes,UNVERIFIED,none
mute.signal_disruptor,dokkaebi.camera_hack,no_effect,PLACEHOLDER. No source says whether a jammer blocks attackers viewing a hacked defender camera that sits inside its radius.,https://rainbowsix.fandom.com/wiki/Mute,UNVERIFIED,none
mute.signal_disruptor,generic.impact_emp,no_effect,"EMP grenades are not blocked by jammers (they detonate on impact, no remote signal).",https://rainbowsix.fandom.com/wiki/EMP_Grenade ; https://www.ubisoft.com/en-us/game/rainbow-six/siege/news-updates/1XzWbYPWo59u7NgZVDjaIm/y10s4-designers-notes,yes,Fandom 2026-09
mute.signal_disruptor,generic.frag,no_effect,"Timed fuse, no remote signal (Y10S4 rule).",https://www.ubisoft.com/en-us/game/rainbow-six/siege/news-updates/1XzWbYPWo59u7NgZVDjaIm/y10s4-designers-notes,yes,Y10S4 (inferred)
mute.signal_disruptor,generic.stun,no_effect,"Timed fuse, no remote signal (Y10S4 rule).",https://www.ubisoft.com/en-us/game/rainbow-six/siege/news-updates/1XzWbYPWo59u7NgZVDjaIm/y10s4-designers-notes,yes,Y10S4 (inferred)
mute.signal_disruptor,generic.smoke,no_effect,"Timed fuse, no remote signal (Y10S4 rule).",https://www.ubisoft.com/en-us/game/rainbow-six/siege/news-updates/1XzWbYPWo59u7NgZVDjaIm/y10s4-designers-notes,yes,Y10S4 (inferred)
mute.signal_disruptor,sledge.breaching_hammer,no_effect,Mechanical tool; jammers only affect wireless signals.,https://www.ubisoft.com/en-us/game/rainbow-six/siege/news-updates/1XzWbYPWo59u7NgZVDjaIm/y10s4-designers-notes ; https://rainbowsix.fandom.com/wiki/Mute,yes,Y10S4 (inferred)
mute.signal_disruptor,generic.nitro_cell,no_effect,"Friendly device: jammers only jam ATTACKER signals, so a defender can detonate a Nitro Cell inside/near his own jammer.",https://rainbowsix.fandom.com/wiki/Mute,yes,Fandom 2026-09
mute.signal_disruptor,generic.bulletproof_camera,no_effect,Friendly device: feed and EMP dart keep working inside a friendly jammer radius.,https://rainbowsix.fandom.com/wiki/Mute,yes,Fandom 2026-09
mute.signal_disruptor,skopos.shell_idle,no_effect,"Friendly: shells and swapping are unaffected (consistent with ""jams attacker devices""; not stated explicitly). Synergy: the jammer protects her idle shell from remote attacker explosives and the Kludge.",https://rainbowsix.fandom.com/wiki/Mute ; https://rainbowsix.fandom.com/wiki/Skop%C3%B3s,UNVERIFIED,inferred
mute.signal_disruptor,pulse.cardiac_sensor,no_effect,Friendly device.,https://rainbowsix.fandom.com/wiki/Mute,yes,Fandom 2026-09
mute.signal_disruptor,lesion.gu_mine,no_effect,Friendly and mechanical.,https://www.ubisoft.com/en-us/game/rainbow-six/siege/news-updates/2Btj0mP7e7gVKIODGSLuiX/y8s3-designers-notes ; https://www.ubisoft.com/en-us/game/rainbow-six/siege/news-updates/1XzWbYPWo59u7NgZVDjaIm/y10s4-designers-notes,yes,Y10S4
mute.signal_disruptor,player.attacker,no_effect,The jammer does NOT disable attacker sights/optics (that is DSEG only). Y11S2.2 fixed a bug where it disabled the XK23 ACOG/Holo.,https://www.ubisoft.com/en-us/game/rainbow-six/siege/news-updates/3IoMKS8f3AHlOwBQXfiytt/y11s22-midseason-patch-notes ; https://www.ubisoft.com/en-us/game/rainbow-six/siege/news-updates/1XzWbYPWo59u7NgZVDjaIm/y10s4-designers-notes,yes,Y11S2.2
mute.signal_disruptor_converted,drone.standard,no_effect,After a Brava hack the jammer no longer affects attacker drones. Y11S1.2 fixed jam static persisting on drone cameras after the hack.,https://www.ubisoft.com/en-us/game/rainbow-six/siege/news-updates/ivbm7sXcU7iG89d7wQtlx/y11s12-patch-notes ; https://rainbowsix.fandom.com/wiki/Mute ; https://rainbowsix.fandom.com/wiki/Brava,yes,Y11S1.2
mute.signal_disruptor_converted,thermite.exothermic_charge,no_effect,"Converting the jammer frees the wall for Thermite (Fandom Thermite: ""Brava can ... convert Signal Disruptors"").",https://rainbowsix.fandom.com/wiki/Thermite_(Siege) ; https://rainbowsix.fandom.com/wiki/Brava,yes,Fandom 2026-09
mute.signal_disruptor_converted,fuze.cluster_charge,no_effect,Converted jammer no longer blocks attacker remote triggers (same logic as Thermite row).,https://rainbowsix.fandom.com/wiki/Mute ; https://rainbowsix.fandom.com/wiki/Brava,yes,Fandom 2026-09
mute.signal_disruptor_converted,generic.nitro_cell,jam_prevents_detonation,"PLACEHOLDER. Fandom: a hacked jammer ""disrupts Defender gadgets instead"". Under the Y10S4 wireless-only rule this should block Nitro Cell detonation within 2.6 m, but nothing states it.",https://rainbowsix.fandom.com/wiki/Mute ; https://rainbowsix.fandom.com/wiki/Brava ; https://www.ubisoft.com/en-us/game/rainbow-six/siege/news-updates/1XzWbYPWo59u7NgZVDjaIm/y10s4-designers-notes,UNVERIFIED,none
mute.signal_disruptor_converted,generic.bulletproof_camera,disable_while_in_radius,PLACEHOLDER. A Y8S1.1 fix mentions glitch VFX on Bulletproof Cameras after a converted disruptor was destroyed (pre-Y10S4 behaviour). Current effect UNVERIFIED.,https://www.ubisoft.com/en-gb/game/rainbow-six/siege/news-updates/y68BmuBkDaaIkoOPZEk4c ; https://rainbowsix.fandom.com/wiki/Mute,UNVERIFIED,Y8S1.1
mute.signal_disruptor_converted,camera.default,disable_while_in_radius,PLACEHOLDER. Same reasoning as the Bulletproof Camera row.,https://rainbowsix.fandom.com/wiki/Mute ; https://rainbowsix.fandom.com/wiki/Brava,UNVERIFIED,none
mute.signal_disruptor_converted,skopos.shell_idle,blocks_swap_while_in_radius,PLACEHOLDER. Swapping is remote control of a device; whether a converted jammer blocks it is unknown.,https://rainbowsix.fandom.com/wiki/Mute ; https://www.ubisoft.com/en-us/game/rainbow-six/siege/news-updates/1XzWbYPWo59u7NgZVDjaIm/y10s4-designers-notes,UNVERIFIED,none
mute.signal_disruptor_converted,pulse.cardiac_sensor,no_effect,"PLACEHOLDER. The sensor is hand-held and has no remote signal, so the Y10S4 rule suggests no effect.",https://www.ubisoft.com/en-us/game/rainbow-six/siege/news-updates/1XzWbYPWo59u7NgZVDjaIm/y10s4-designers-notes,UNVERIFIED,inferred
mute.signal_disruptor_converted,lesion.gu_mine,no_effect,Gu mines are mechanical; no jammer of either allegiance affects them.,https://www.ubisoft.com/en-us/game/rainbow-six/siege/news-updates/2Btj0mP7e7gVKIODGSLuiX/y8s3-designers-notes ; https://www.ubisoft.com/en-us/game/rainbow-six/siege/news-updates/1XzWbYPWo59u7NgZVDjaIm/y10s4-designers-notes,yes,Y10S4 (inferred)
thermite.exothermic_charge,surface.reinforced_wall,breach_large,"Plant ~3 s, remote trigger, ~3 s heat-up with sparks on both sides. Large walk-through opening (exact size UNVERIFIED; placeholder ~1.5 x 2.0 m). ~4 m destruction radius can also cut an adjacent reinforced wall/hatch. Reinforcement detaches only when a full line is cut (Y10S4).",https://www.ubisoft.com/en-us/game/rainbow-six/siege/game-info/operators/thermite ; https://rainbowsix.fandom.com/wiki/Thermite_(Siege) ; https://www.ubisoft.com/en-us/game/rainbow-six/siege/news-updates/1XzWbYPWo59u7NgZVDjaIm/y10s4-designers-notes,yes,Y10S4
thermite.exothermic_charge,surface.reinforced_hatch,breach_full,"One charge deals 1,000,000 to the reinforced hatch's 1,000,000-point pool (whole hatch). Damage from different hard-breach tools adds up.",https://www.ubisoft.com/en-us/game/rainbow-six/siege/news-updates/2LqpNY95OdSdWBB8SBEmbg/y5s3-preseason-designers-notes ; https://rainbowsix.fandom.com/wiki/Thermite_(Siege),yes,Y5S3
thermite.exothermic_charge,surface.soft_wall,breach_large,"Usable on any destructible surface, including soft walls; opening larger than a Breach Charge.",https://www.ubisoft.com/en-us/game/rainbow-six/siege/game-info/operators/thermite ; https://rainbowsix.fandom.com/wiki/Thermite_(Siege),yes,Fandom 2026-09
thermite.exothermic_charge,surface.soft_floor,breach_los_only,Floors/ceilings can be breached for a bigger line-of-sight hole. Breachable floors are never drop-through (only hatches are).,https://www.ubisoft.com/en-us/game/rainbow-six/siege/game-info/operators/thermite ; https://rainbowsix.fandom.com/wiki/Thermite_(Siege) ; https://rainbowsix.fandom.com/wiki/Destruction,yes,Fandom 2026-09
thermite.exothermic_charge,surface.hatch,breach_full,Unreinforced hatches are destructible surfaces; opened.,https://www.ubisoft.com/en-us/game/rainbow-six/siege/game-info/operators/thermite ; https://rainbowsix.fandom.com/wiki/Thermite_(Siege),yes,Fandom 2026-09
thermite.exothermic_charge,surface.hard_wall,cannot_place,Not usable on hard (concrete/brick) walls or floors.,https://rainbowsix.fandom.com/wiki/Thermite_(Siege) ; https://rainbowsix.fandom.com/wiki/Destruction,yes,Fandom 2026-09
thermite.exothermic_charge,surface.barricade,placeable_destroy,"PLACEHOLDER. Not documented. Barricades are destructible surfaces, so probably placeable and destroyed.",https://rainbowsix.fandom.com/wiki/Thermite_(Siege),UNVERIFIED,none
thermite.exothermic_charge,mira.black_mirror,destroy,"CONFLICT. Fandom/siege.gg/r6siegecenter: a thermal breach on the Mirror's host wall (placed on the opaque side) destroys the Mirror completely, no frame left. The official Thermite tip lists Black Mirrors among gadgets that ""deny"" Exothermic Charges (exact meaning unknown; maybe the charge cannot be placed over the glass). Chosen: destroy when the breach covers the Mirror/anchors; placement directly on the glass UNVERIFIED.",https://www.ubisoft.com/en-us/game/rainbow-six/siege/game-info/operators/thermite ; https://rainbowsix.fandom.com/wiki/Mira_(Siege) ; https://siege.gg/news/3296-rainbow-six-siege-operator-guide-mira ; https://r6siegecenter.com/guides/operators/defenders/mira/,UNVERIFIED,Fandom 2026-09
thermite.exothermic_charge,mute.signal_disruptor,destroy,"Jammers in the blast are destroyed, but only if the charge can trigger (charge and Thermite outside the 2.6 m radius).",https://rainbowsix.fandom.com/wiki/Thermite_(Siege) ; https://rainbowsix.fandom.com/wiki/Mute,yes,Fandom 2026-09
thermite.exothermic_charge,generic.deployable_shield,destroy,Destroyed instantly by the blast.,https://rainbowsix.fandom.com/wiki/Deployable_Shield,yes,Fandom 2026-09
thermite.exothermic_charge,generic.barbed_wire,destroy,Any explosion destroys barbed wire.,https://rainbowsix.fandom.com/wiki/Barbed_Wire,yes,Fandom 2026-09
thermite.exothermic_charge,lesion.gu_mine,destroy,Gu mines in the far-side blast are destroyed (susceptible to explosives).,https://rainbowsix.fandom.com/wiki/Lesion ; https://rainbowsix.fandom.com/wiki/Thermite_(Siege),yes,Fandom 2026-09
thermite.exothermic_charge,generic.bulletproof_camera,destroy,Explosives destroy it.,https://rainbowsix.fandom.com/wiki/Bulletproof_Camera,yes,Fandom 2026-09
thermite.exothermic_charge,generic.nitro_cell,destroy,Any explosion in range destroys it.,https://rainbowsix.fandom.com/wiki/C4,yes,Fandom 2026-09
thermite.exothermic_charge,generic.proximity_alarm,destroy,Explosions destroy it (not stated for the Exothermic specifically).,https://siege.gg/news/proximity-alarm,yes,undated (siege.gg)
thermite.exothermic_charge,generic.observation_blocker,destroy,"Official vulnerabilities: bullets, laser, melee, explosives (1 hp).",https://www.ubisoft.com/en-gb/game/rainbow-six/siege/news-updates/42o6BhsFgmPla9wmiJ5GnJ/y8s2-designers-notes,yes,Y8S2
thermite.exothermic_charge,skopos.idle_shell_shield,destroy,The idle shell's barrier is bulletproof but not explosion-proof.,https://news.ubisoft.com/en-us/article/6md8NyzcybEjZ2bMROA5fP/rainbow-six-siege-operation-twin-shells-operator-and-gadget-guide,yes,Y9S3
thermite.exothermic_charge,skopos.shell_idle,damage,A shell next to the breached wall takes blast damage like a body; amount follows the damage curve (UNVERIFIED).,https://news.ubisoft.com/en-us/article/6md8NyzcybEjZ2bMROA5fP/rainbow-six-siege-operation-twin-shells-operator-and-gadget-guide ; https://rainbowsix.fandom.com/wiki/Skop%C3%B3s,UNVERIFIED,inferred
thermite.exothermic_charge,player.defender,damage:220,"Max 220 hp since Y11S3.1 (was 200). Lethal close to the wall on the far side, falling to 0 at ~3-4 m (curve UNVERIFIED).",https://www.ubisoft.com/en-us/game/rainbow-six/siege/news-updates/3WMly2DNZqv1GpUK9GNGm5/y11s31-patch-notes ; https://rainbowsix.fandom.com/wiki/Thermite_(Siege),yes,Y11S3.1
thermite.exothermic_charge,player.attacker,damage,"Damages anyone in the blast, Thermite included; on his side it is lethal only at point blank (radius UNVERIFIED). Team damage follows FF/RFF rules (core_mechanics.md).",https://rainbowsix.fandom.com/wiki/Thermite_(Siege),yes,Fandom 2026-09
fuze.cluster_charge,surface.soft_wall,breach_instant,"Plant ~2 s (Fandom). 5 sub-grenades (UNVERIFIED) pass through soft surfaces instantly after the trigger, released in a fan (official: left to right). Leaves a ""sizeable"" see-through hole (size UNVERIFIED). Only 1 charge active; planting a second detonates the first.",https://www.ubisoft.com/en-us/game/rainbow-six/siege/game-info/operators/fuze ; https://rainbowsix.fandom.com/wiki/Fuze_(Siege) ; https://www.ubisoft.com/en-us/game/rainbow-six/siege/news-updates/2zsUnVBdSsc10rirkPl1K5/y6s3-preseason-designers-notes,yes,Y6S3
fuze.cluster_charge,surface.soft_floor,breach_instant,Drills floors like soft walls; hole is line of sight only.,https://www.ubisoft.com/en-us/game/rainbow-six/siege/game-info/operators/fuze ; https://rainbowsix.fandom.com/wiki/Fuze_(Siege) ; https://rainbowsix.fandom.com/wiki/Destruction,yes,Fandom 2026-09
fuze.cluster_charge,surface.hatch,breach_instant,Soft breach surface.,https://www.ubisoft.com/en-us/game/rainbow-six/siege/game-info/operators/fuze ; https://rainbowsix.fandom.com/wiki/Fuze_(Siege),yes,Fandom 2026-09
fuze.cluster_charge,surface.barricade,breach_instant,Barricades are soft breach surfaces.,https://www.ubisoft.com/en-us/game/rainbow-six/siege/game-info/operators/fuze ; https://rainbowsix.fandom.com/wiki/Fuze_(Siege),yes,Fandom 2026-09
fuze.cluster_charge,surface.reinforced_wall,breach_delayed:1.75s,"Allowed since Y6S3. Extra breaching time 1.75 s after the trigger (Y11S2.3; was 2 s from Y7S3, 3 s at Y6S3). Defenders can shoot the extension tube during the delay; at least one sub-grenade is always released.",https://www.ubisoft.com/en-us/game/rainbow-six/siege/news-updates/2EIn06EmkAIG7su2fpITue/y11s23-patch-notes ; https://www.ubisoft.com/en-us/game/rainbow-six/siege/news-updates/2zsUnVBdSsc10rirkPl1K5/y6s3-preseason-designers-notes ; https://www.ubisoft.com/en-gb/game/rainbow-six/siege/news-updates/2vKaDckg5VPV1ViA4p8KM/y7s3-preseason-designers-notes,yes,Y11S2.3
fuze.cluster_charge,surface.reinforced_hatch,breach_delayed:1.75s,Same reinforced-surface rule as walls.,https://www.ubisoft.com/en-us/game/rainbow-six/siege/news-updates/2EIn06EmkAIG7su2fpITue/y11s23-patch-notes ; https://www.ubisoft.com/en-us/game/rainbow-six/siege/news-updates/2zsUnVBdSsc10rirkPl1K5/y6s3-preseason-designers-notes,yes,Y11S2.3
fuze.cluster_charge,surface.hard_wall,cannot_place,Only soft breach surfaces plus reinforced surfaces.,https://www.ubisoft.com/en-us/game/rainbow-six/siege/game-info/operators/fuze ; https://rainbowsix.fandom.com/wiki/Fuze_(Siege),yes,Fandom 2026-09
fuze.cluster_charge,mira.black_mirror,shatter,"Can be planted on the Mirror (Y6S3); drills ""longer"" (exact time UNVERIFIED; placeholder = reinforced 1.75 s). A successful drill shatters the bulletproof glass (Y8S3) and sub-grenades land on the defender side. Whether the Mirror is then destroyed or ejected is UNVERIFIED.",https://www.ubisoft.com/en-us/game/rainbow-six/siege/news-updates/2zsUnVBdSsc10rirkPl1K5/y6s3-preseason-designers-notes ; https://www.ubisoft.com/en-us/game/rainbow-six/siege/news-updates/2Btj0mP7e7gVKIODGSLuiX/y8s3-designers-notes ; https://www.ubisoft.com/en-us/game/rainbow-six/siege/news-updates/2EIn06EmkAIG7su2fpITue/y11s23-patch-notes,yes,Y8S3
fuze.cluster_charge,generic.deployable_shield,placeable_drill_through,Can be planted on a Deployable Shield since Y8S3; a successful drill shatters its glass. The sub-grenade blasts then destroy the shield (any explosion does).,https://www.ubisoft.com/en-us/game/rainbow-six/siege/news-updates/2Btj0mP7e7gVKIODGSLuiX/y8s3-designers-notes ; https://rainbowsix.fandom.com/wiki/Deployable_Shield ; https://rainbowsix.fandom.com/wiki/Fuze_(Siege),yes,Y8S3
fuze.cluster_charge,skopos.idle_shell_shield,destroy,Sub-grenade explosions destroy the barrier (explosives break it). Whether the charge can be PLANTED on the idle-shell shield like a Deployable Shield is UNVERIFIED.,https://news.ubisoft.com/en-us/article/6md8NyzcybEjZ2bMROA5fP/rainbow-six-siege-operation-twin-shells-operator-and-gadget-guide ; https://rainbowsix.fandom.com/wiki/Fuze_(Siege),yes,Y9S3
fuze.cluster_charge,skopos.shell_idle,damage,Sub-grenades damage shells like operators (4.2 m radius each; per-grenade damage UNVERIFIED).,https://news.ubisoft.com/en-us/article/6md8NyzcybEjZ2bMROA5fP/rainbow-six-siege-operation-twin-shells-operator-and-gadget-guide ; https://rainbowsix.fandom.com/wiki/Fuze_(Siege),UNVERIFIED,inferred
fuze.cluster_charge,mute.signal_disruptor,destroy,Sub-grenades destroy jammers they reach (jammer dies to any damage). The charge itself must be planted >2.6 m from any jammer to trigger.,https://rainbowsix.fandom.com/wiki/Fuze_(Siege) ; https://rainbowsix.fandom.com/wiki/Mute,yes,Fandom 2026-09
fuze.cluster_charge,generic.bulletproof_camera,destroy,Explosives destroy it.,https://rainbowsix.fandom.com/wiki/Fuze_(Siege) ; https://rainbowsix.fandom.com/wiki/Bulletproof_Camera,yes,Fandom 2026-09
fuze.cluster_charge,generic.nitro_cell,destroy,Any explosion in range destroys it.,https://rainbowsix.fandom.com/wiki/Fuze_(Siege) ; https://rainbowsix.fandom.com/wiki/C4,yes,Fandom 2026-09
fuze.cluster_charge,lesion.gu_mine,destroy,Explosives destroy Gu mines; clusters clear Gu fields.,https://rainbowsix.fandom.com/wiki/Fuze_(Siege) ; https://rainbowsix.fandom.com/wiki/Lesion,yes,Fandom 2026-09
fuze.cluster_charge,generic.barbed_wire,destroy,Any explosion destroys barbed wire.,https://rainbowsix.fandom.com/wiki/Barbed_Wire,yes,Fandom 2026-09
fuze.cluster_charge,generic.proximity_alarm,destroy,Explosions destroy it.,https://siege.gg/news/proximity-alarm ; https://www.ubisoft.com/en-us/game/rainbow-six/siege/game-info/operators/fuze,yes,undated (siege.gg)
fuze.cluster_charge,generic.observation_blocker,destroy,Vulnerable to explosives (1 hp).,https://www.ubisoft.com/en-gb/game/rainbow-six/siege/news-updates/42o6BhsFgmPla9wmiJ5GnJ/y8s2-designers-notes ; https://rainbowsix.fandom.com/wiki/Observation_Blocker,yes,Y8S2
fuze.cluster_charge,mira.black_mirror_canister,destroy,"Sub-grenades land on the defender side where the canister is; explosives destroy it, so the glass ejects 4 s later.",https://rainbowsix.fandom.com/wiki/Mira_(Siege),yes,Fandom 2026-09
fuze.cluster_charge,player.defender,damage:lethal<=1.2m,Each sub-grenade: 4.2 m max radius; lethal to 1-health operators within 2 m and to everyone within 1.2 m. Per-grenade hp values UNVERIFIED.,https://rainbowsix.fandom.com/wiki/Fuze_(Siege),UNVERIFIED,Fandom 2026-09
fuze.cluster_charge,drone.standard,destroy,The blast destroys gadgets of BOTH teams (friendly gadgets included) - e.g. a friendly drone in the room.,https://rainbowsix.fandom.com/wiki/Fuze_(Siege) ; https://rainbowsix.fandom.com/wiki/Drone,yes,Fandom 2026-09
fuze.ballistic_shield,surface.barricade,cannot_break_full_hp,Since Y11S1 shields cannot push through full-HP barricades; a damaged barricade can still be pushed. Since Y10S2 ADS is cancelled while vaulting.,https://www.ubisoft.com/en-us/game/rainbow-six/siege/news-updates/5fWCjoCU8toUJiBdMSj0UA/y11s1-designers-notes ; https://www.ubisoft.com/en-us/game/rainbow-six/siege/news-updates/8dJbwMqIt5Y8lZgwJRjWZ/y10s2-designers-notes,yes,Y11S1
fuze.ballistic_shield,player.defender,damage:65,CONFLICT. Shield bash: official Y9S1 DN = 65 hp + pushback; current Fandom = no damage (pushback/knockdown only); core_mechanics.md (older Fandom) = downs only. Chosen: official 65 hp + pushback.,https://www.ubisoft.com/en-us/game/rainbow-six/siege/news-updates/3jBlCdtRBQx2sCjmY2umNu/y9s1-designers-notes ; https://rainbowsix.fandom.com/wiki/Ballistic_Shield,UNVERIFIED,Y9S1
sledge.breaching_hammer,surface.soft_wall,breach,"Rectangular hole: 1 swing = crouch/vault passable, 2 swings = standing (shield) passable. Swing 0.8 s (Y11S3.1). Must be within ~1 m to break both skins. 25 charges per round; cost per wall 1 or 2 (Fandom pages disagree).",https://www.ubisoft.com/en-us/game/rainbow-six/siege/game-info/operators/sledge ; https://rainbowsix.fandom.com/wiki/Sledge_(Siege) ; https://www.ubisoft.com/en-us/game/rainbow-six/siege/news-updates/3WMly2DNZqv1GpUK9GNGm5/y11s31-patch-notes ; https://rainbowsix.fandom.com/wiki/Breaching_Hammer,yes,Y11S3.1
sledge.breaching_hammer,surface.soft_floor,breach_los_only,Breaks floors from above when close; floors are never drop-through.,https://www.ubisoft.com/en-us/game/rainbow-six/siege/game-info/operators/sledge ; https://rainbowsix.fandom.com/wiki/Sledge_(Siege) ; https://rainbowsix.fandom.com/wiki/Destruction,yes,Fandom 2026-09
sledge.breaching_hammer,surface.hatch,breach,Non-reinforced hatches break. Swings needed UNVERIFIED (likely 1).,https://www.ubisoft.com/en-us/game/rainbow-six/siege/game-info/operators/sledge ; https://rainbowsix.fandom.com/wiki/Sledge_(Siege),yes,Y11S3
sledge.breaching_hammer,surface.barricade,destroy,One swing. Pre-damaging a barricade enables the Siege X rappel breach (no Breach Charge needed); the hammer also works while rappelling.,https://rainbowsix.fandom.com/wiki/Sledge_(Siege) ; https://rainbowsix.fandom.com/wiki/Barricade ; https://liquipedia.net/rainbowsix/Sledge ; https://www.ubisoft.com/en-us/game/rainbow-six/siege/news-updates/8dJbwMqIt5Y8lZgwJRjWZ/y10s2-designers-notes,yes,Y10S2
sledge.breaching_hammer,surface.reinforced_wall,no_effect,Cannot breach reinforcement; the swing still spends a charge.,https://www.ubisoft.com/en-us/game/rainbow-six/siege/game-info/operators/sledge ; https://rainbowsix.fandom.com/wiki/Sledge_(Siege) ; https://rainbowsix.fandom.com/wiki/Destruction,yes,Y11S3
sledge.breaching_hammer,surface.reinforced_hatch,no_effect,Cannot breach reinforcement; the swing still spends a charge.,https://www.ubisoft.com/en-us/game/rainbow-six/siege/game-info/operators/sledge ; https://rainbowsix.fandom.com/wiki/Sledge_(Siege),yes,Y11S3
sledge.breaching_hammer,surface.hard_wall,no_effect,Indestructible; the swing still spends a charge.,https://rainbowsix.fandom.com/wiki/Sledge_(Siege),yes,Fandom 2026-09
sledge.breaching_hammer,generic.barbed_wire,destroy,One swing (counts like explosive damage vs bulletproof gadgets).,https://rainbowsix.fandom.com/wiki/Barbed_Wire ; https://rainbowsix.fandom.com/wiki/Sledge_(Siege),yes,Fandom 2026-09
sledge.breaching_hammer,generic.deployable_shield,destroy,Destroyed by the hammer.,https://rainbowsix.fandom.com/wiki/Deployable_Shield ; https://rainbowsix.fandom.com/wiki/Sledge_(Siege) ; https://www.ubisoft.com/en-us/game/rainbow-six/siege/game-info/operators/sledge,yes,Fandom 2026-09
sledge.breaching_hammer,generic.bulletproof_camera,destroy,Destroyed instantly.,https://rainbowsix.fandom.com/wiki/Bulletproof_Camera ; https://rainbowsix.fandom.com/wiki/Sledge_(Siege),yes,Fandom 2026-09
sledge.breaching_hammer,generic.proximity_alarm,destroy,"PLACEHOLDER. Official tip: ""many defender gadgets can be destroyed with your hammer""; not listed individually.",https://www.ubisoft.com/en-us/game/rainbow-six/siege/game-info/operators/sledge,UNVERIFIED,none
sledge.breaching_hammer,generic.observation_blocker,destroy,PLACEHOLDER. Official Y8S2: vulnerable to melee; hammer not named.,https://www.ubisoft.com/en-gb/game/rainbow-six/siege/news-updates/42o6BhsFgmPla9wmiJ5GnJ/y8s2-designers-notes ; https://www.ubisoft.com/en-us/game/rainbow-six/siege/game-info/operators/sledge,UNVERIFIED,inferred
sledge.breaching_hammer,generic.nitro_cell,destroy,PLACEHOLDER. Not listed individually.,https://www.ubisoft.com/en-us/game/rainbow-six/siege/game-info/operators/sledge,UNVERIFIED,none
sledge.breaching_hammer,mute.signal_disruptor,destroy,PLACEHOLDER. Jammers die to any damage; hammer not named.,https://rainbowsix.fandom.com/wiki/Mute ; https://www.ubisoft.com/en-us/game/rainbow-six/siege/game-info/operators/sledge,UNVERIFIED,inferred
sledge.breaching_hammer,lesion.gu_mine,trigger_sting,PLACEHOLDER. Fandom: meleeing a Gu mine sets it off and the attacker is still stung; whether a hammer swing counts as that melee is UNVERIFIED.,https://rainbowsix.fandom.com/wiki/Lesion,UNVERIFIED,none
sledge.breaching_hammer,mira.black_mirror,shatter,"PLACEHOLDER. On a SOFT host wall, breaking the wall removes the Mirror (host-wall rule). On a REINFORCED host the hammer cannot breach. Whether a swing on the glass shatters it like a melee hit is UNVERIFIED.",https://rainbowsix.fandom.com/wiki/Mira_(Siege) ; https://rainbowsix.fandom.com/wiki/Sledge_(Siege),UNVERIFIED,none
sledge.breaching_hammer,skopos.idle_shell_shield,destroy,PLACEHOLDER. Liquipedia lists Skopos as countered by the hammer; the barrier breaks to explosives and the hammer counts like explosive damage vs bulletproof gadgets.,https://liquipedia.net/rainbowsix/Sledge ; https://news.ubisoft.com/en-us/article/6md8NyzcybEjZ2bMROA5fP/rainbow-six-siege-operation-twin-shells-operator-and-gadget-guide,UNVERIFIED,none
sledge.breaching_hammer,skopos.shell_active,damage:lethal,PLACEHOLDER. Fandom: the hammer can kill an operator in one hit; not verified for this season or for shells.,https://rainbowsix.fandom.com/wiki/Sledge_(Siege),UNVERIFIED,none
sledge.breaching_hammer,player.defender,damage:lethal,PLACEHOLDER. Fandom: one-hit kill; current value UNVERIFIED. Fandom Breaching Hammer page: a kill costs 2 charges.,https://rainbowsix.fandom.com/wiki/Sledge_(Siege) ; https://rainbowsix.fandom.com/wiki/Breaching_Hammer,UNVERIFIED,none
sledge.breaching_hammer,fuze.ballistic_shield,knockdown,Since Y10S2 one swing knocks the shield aside and the operator to the ground (Fandom: no damage); the shield must be re-equipped manually. Applies to ENEMY shields; vs a friendly shield (Fuze) UNVERIFIED.,https://www.ubisoft.com/en-us/game/rainbow-six/siege/news-updates/8dJbwMqIt5Y8lZgwJRjWZ/y10s2-designers-notes ; https://www.ubisoft.com/en-us/game/rainbow-six/siege/news-updates/seasons/daybreak ; https://rainbowsix.fandom.com/wiki/Sledge_(Siege),yes,Y10S2
striker.gadget_kit,loadout.attacker_generic_pool,equip_two_distinct,"Striker picks exactly 2 DIFFERENT attacker generics (Breach, Hard Breach, Claymore, Frag, Stun, Smoke, Impact EMP; 21 combos); one uses the ability slot. Each behaves exactly like its generic.* rows. Kit counts: Fandom (Stun x3 vs x2 conflict).",https://www.ubisoft.com/en-us/game/rainbow-six/siege/game-info/operators/striker ; https://news.ubisoft.com/en-us/article/7GuRzEQEr7vbP8K6Y6RLl2/rainbow-six-siege-operation-new-blood-operator-remaster-and-balancing-guide ; https://rainbowsix.fandom.com/wiki/Striker_(Recruit),yes,Y11S3
sentry.gadget_kit,loadout.defender_generic_pool,equip_two_distinct,"Sentry picks exactly 2 DIFFERENT defender generics (Barbed Wire, BP Camera, Deployable Shield, Observation Blocker, Impact, Nitro, Proximity Alarm; 21 combos); one uses the ability slot. Each behaves exactly like its generic.* rows.",https://www.ubisoft.com/en-us/game/rainbow-six/siege/game-info/operators/sentry ; https://news.ubisoft.com/en-us/article/7GuRzEQEr7vbP8K6Y6RLl2/rainbow-six-siege-operation-new-blood-operator-remaster-and-balancing-guide ; https://rainbowsix.fandom.com/wiki/Sentry_(Recruit),yes,Y11S3
dokkaebi.jegeo_payload,player.defender,upload_then_explode:40,"Target must be ""identified"" (Deimos-style spotting). Charges 1 start / 5 max / +1 per 25 s. 7 s duration; needs a continuous tablet-phone connection (Y11S3). Target can dismiss/reset (time UNVERIFIED). If not reset: 40 hp explosive damage + 5 s fire area (DPS/radius UNVERIFIED) and the phone is destroyed: no observation tools until eliminated or next round. 14 s per-target cooldown (Y11S2.2).",https://www.ubisoft.com/en-us/game/rainbow-six/siege/news-updates/2MNhboDBmsQKkWb5p8zqsg/y11s2-designers-notes ; https://www.ubisoft.com/en-us/game/rainbow-six/siege/news-updates/77rztlEyeqhZVqROCW0ZV7/designers-notes-y11s22-midseason-update ; https://www.ubisoft.com/en-us/game/rainbow-six/siege/news-updates/PONCuRt8LaCr3O31NkBQb/y11s3-designers-notes ; https://news.ubisoft.com/en-us/article/75JAC7c5Ka6wnsxMyq2Ylz/rainbow-six-siege-operation-system-override-dokkaebi-remaster-calypso-casino-map-and-ranked-30 ; https://www.ubisoft.com/en-us/game/rainbow-six/siege/game-info/operators/dokkaebi,yes,Y11S3
dokkaebi.jegeo_payload,skopos.shell_active,disable_swap_for_round,"If her phone explodes Skopos cannot switch shells for the rest of the round (official). Whether an active buzz blocks swapping, and whether the 40 hp hits the shell, is UNVERIFIED.",https://news.ubisoft.com/en-us/article/75JAC7c5Ka6wnsxMyq2Ylz/rainbow-six-siege-operation-system-override-dokkaebi-remaster-calypso-casino-map-and-ranked-30 ; https://rainbowsix.fandom.com/wiki/Dokkaebi ; https://www.ubisoft.com/en-us/game/rainbow-six/siege/news-updates/2MNhboDBmsQKkWb5p8zqsg/y11s2-designers-notes,yes,Y11S2
dokkaebi.jegeo_payload,generic.bulletproof_camera,deny_access_victim,"The victim can no longer open observation tools, so cannot view his own BP Camera or fire its EMP dart. The camera itself keeps working for teammates.",https://news.ubisoft.com/en-us/article/75JAC7c5Ka6wnsxMyq2Ylz/rainbow-six-siege-operation-system-override-dokkaebi-remaster-calypso-casino-map-and-ranked-30 ; https://www.ubisoft.com/en-us/game/rainbow-six/siege/news-updates/2MNhboDBmsQKkWb5p8zqsg/y11s2-designers-notes ; https://rainbowsix.fandom.com/wiki/Dokkaebi,yes,Y11S2
dokkaebi.jegeo_payload,camera.default,deny_access_victim,Victim loses all camera access; cameras keep working for teammates.,https://news.ubisoft.com/en-us/article/75JAC7c5Ka6wnsxMyq2Ylz/rainbow-six-siege-operation-system-override-dokkaebi-remaster-calypso-casino-map-and-ranked-30 ; https://www.ubisoft.com/en-us/game/rainbow-six/siege/news-updates/2MNhboDBmsQKkWb5p8zqsg/y11s2-designers-notes,yes,Y11S2
dokkaebi.jegeo_payload,mute.signal_disruptor,no_effect,Jammers are not phone-controlled (not in Ubisoft's phone-dependent list). Inferred.,https://news.ubisoft.com/en-us/article/75JAC7c5Ka6wnsxMyq2Ylz/rainbow-six-siege-operation-system-override-dokkaebi-remaster-calypso-casino-map-and-ranked-30,UNVERIFIED,inferred
dokkaebi.jegeo_payload,pulse.cardiac_sensor,no_effect,Sensor is not phone-based (not in Ubisoft's list); Pulse only loses cameras. Inferred.,https://news.ubisoft.com/en-us/article/75JAC7c5Ka6wnsxMyq2Ylz/rainbow-six-siege-operation-system-override-dokkaebi-remaster-calypso-casino-map-and-ranked-30,UNVERIFIED,inferred
dokkaebi.jegeo_payload,lesion.gu_mine,no_effect,Gu use does not depend on the phone; Lesion keeps his mines. Inferred from the official list.,https://news.ubisoft.com/en-us/article/75JAC7c5Ka6wnsxMyq2Ylz/rainbow-six-siege-operation-system-override-dokkaebi-remaster-calypso-casino-map-and-ranked-30 ; https://rainbowsix.fandom.com/wiki/Lesion,UNVERIFIED,inferred
dokkaebi.jegeo_payload,mira.black_mirror,no_effect,Not phone-dependent. Inferred.,https://news.ubisoft.com/en-us/article/75JAC7c5Ka6wnsxMyq2Ylz/rainbow-six-siege-operation-system-override-dokkaebi-remaster-calypso-casino-map-and-ranked-30,UNVERIFIED,inferred
dokkaebi.jegeo_payload,generic.nitro_cell,no_effect,"PLACEHOLDER. Fandom describes the Nitro Cell as detonated with a phone, but the Nitro Cell is not in Ubisoft's list of phone-dependent gadgets (Mozzie, Maestro, Echo, Fenrir, Skopos).",https://rainbowsix.fandom.com/wiki/C4 ; https://news.ubisoft.com/en-us/article/75JAC7c5Ka6wnsxMyq2Ylz/rainbow-six-siege-operation-system-override-dokkaebi-remaster-calypso-casino-map-and-ranked-30,UNVERIFIED,none
dokkaebi.jegeo_payload,player.attacker,damage,"The 5 s fire ""can damage other nearby Operators"". Siege X fire is team-neutral, so attackers inside it are probably hurt; DPS/radius UNVERIFIED.",https://www.ubisoft.com/en-us/game/rainbow-six/siege/news-updates/2MNhboDBmsQKkWb5p8zqsg/y11s2-designers-notes ; https://www.ubisoft.com/en-us/game/rainbow-six/siege/game-info/operators/dokkaebi ; https://www.ubisoft.com/en-us/game/rainbow-six/siege/news-updates/seasons/daybreak,UNVERIFIED,Y11S2
dokkaebi.camera_hack,camera.default,view_feed:20s,"Hack the phone of an ELIMINATED defender: infinite range, no LOS, 20 s of defender camera access per hack. Hacks per round UNVERIFIED (siege.gg test server: 2).",https://www.ubisoft.com/en-us/game/rainbow-six/siege/news-updates/2MNhboDBmsQKkWb5p8zqsg/y11s2-designers-notes ; https://news.ubisoft.com/en-us/article/75JAC7c5Ka6wnsxMyq2Ylz/rainbow-six-siege-operation-system-override-dokkaebi-remaster-calypso-casino-map-and-ranked-30 ; https://rainbowsix.fandom.com/wiki/Dokkaebi,yes,Y11S2
dokkaebi.camera_hack,generic.bulletproof_camera,view_feed:20s,View only: attackers cannot fire the EMP dart (Fandom BP Camera; pre-remaster statement). Which feeds are included post-remaster is UNVERIFIED.,https://rainbowsix.fandom.com/wiki/Bulletproof_Camera ; https://www.ubisoft.com/en-us/game/rainbow-six/siege/news-updates/2MNhboDBmsQKkWb5p8zqsg/y11s2-designers-notes,UNVERIFIED,Fandom 2026-09
dokkaebi.camera_hack,skopos.circuit_board,hackable_like_phone,A destroyed Skopos shell drops a circuit board that works like a dropped phone.,https://rainbowsix.fandom.com/wiki/Skop%C3%B3s,yes,Fandom 2026-09
dokkaebi.camera_hack,skopos.shell_idle,view_feed:20s,PLACEHOLDER. Whether the idle-shell camera is among the hacked feeds is not documented.,https://rainbowsix.fandom.com/wiki/Dokkaebi,UNVERIFIED,none
generic.breach_charge,surface.soft_wall,breach,"Placed by hand (not thrown), remote detonation. Walk-through opening (placeholder ~1.0 x 1.8 m, UNVERIFIED). Removes studs.",https://rainbowsix.fandom.com/wiki/Breach_Charge/Siege ; https://rainbowsix.fandom.com/wiki/Destruction,yes,Fandom 2026-09
generic.breach_charge,surface.soft_floor,breach_los_only,"Floors are semi-breachable (yellow light): see/shoot-through hole, never passable.",https://rainbowsix.fandom.com/wiki/Breach_Charge/Siege ; https://rainbowsix.fandom.com/wiki/Destruction,yes,Fandom 2026-09
generic.breach_charge,surface.hatch,open,Unreinforced hatch opened.,https://rainbowsix.fandom.com/wiki/Breach_Charge/Siege,yes,Fandom 2026-09
generic.breach_charge,surface.barricade,destroy,Destroys door/window barricades.,https://rainbowsix.fandom.com/wiki/Breach_Charge/Siege ; https://rainbowsix.fandom.com/wiki/Barricade,yes,Fandom 2026-09
generic.breach_charge,surface.reinforced_wall,cannot_place,Reinforced surfaces show as unbreakable (red light).,https://rainbowsix.fandom.com/wiki/Breach_Charge/Siege ; https://rainbowsix.fandom.com/wiki/Destruction,yes,Fandom 2026-09
generic.breach_charge,surface.reinforced_hatch,cannot_place,Reinforced surfaces show as unbreakable.,https://rainbowsix.fandom.com/wiki/Breach_Charge/Siege ; https://rainbowsix.fandom.com/wiki/Destruction,yes,Fandom 2026-09
generic.breach_charge,mira.black_mirror,destroy,"On a SOFT host wall, breaching the wall removes the Mirror (the glass itself is explosion-proof). On a reinforced host the charge cannot be placed.",https://rainbowsix.fandom.com/wiki/Mira_(Siege) ; https://siege.gg/news/3296-rainbow-six-siege-operator-guide-mira,yes,Fandom 2026-09
generic.breach_charge,generic.deployable_shield,destroy,Any explosion destroys it instantly. Only if inside the charge's blast (radius UNVERIFIED).,https://rainbowsix.fandom.com/wiki/Deployable_Shield,yes,Fandom 2026-09
generic.breach_charge,generic.barbed_wire,destroy,Any explosion destroys it. Only if inside the charge's blast (radius UNVERIFIED).,https://rainbowsix.fandom.com/wiki/Barbed_Wire,yes,Fandom 2026-09
generic.breach_charge,lesion.gu_mine,destroy,Gu mines are susceptible to explosives. Only if inside the charge's blast (radius UNVERIFIED).,https://rainbowsix.fandom.com/wiki/Lesion,yes,Fandom 2026-09
generic.breach_charge,mute.signal_disruptor,destroy,Jammers die to any damage. Only if inside the charge's blast (radius UNVERIFIED).,https://rainbowsix.fandom.com/wiki/Mute,yes,Fandom 2026-09
generic.breach_charge,generic.bulletproof_camera,destroy,Explosives destroy it. Only if inside the charge's blast (radius UNVERIFIED).,https://rainbowsix.fandom.com/wiki/Bulletproof_Camera,yes,Fandom 2026-09
generic.breach_charge,generic.nitro_cell,destroy,Any explosion in range destroys it. Only if inside the charge's blast (radius UNVERIFIED).,https://rainbowsix.fandom.com/wiki/C4,yes,Fandom 2026-09
generic.breach_charge,generic.proximity_alarm,destroy,Explosions destroy it. Only if inside the charge's blast (radius UNVERIFIED).,https://siege.gg/news/proximity-alarm,yes,undated (siege.gg)
generic.breach_charge,generic.observation_blocker,destroy,Official vulnerabilities include explosives (1 hp). Only if inside the charge's blast (radius UNVERIFIED).,https://www.ubisoft.com/en-gb/game/rainbow-six/siege/news-updates/42o6BhsFgmPla9wmiJ5GnJ/y8s2-designers-notes,yes,Y8S2
generic.breach_charge,skopos.idle_shell_shield,destroy,"Barrier is bulletproof, not explosion-proof. Only if inside the charge's blast (radius UNVERIFIED).",https://news.ubisoft.com/en-us/article/6md8NyzcybEjZ2bMROA5fP/rainbow-six-siege-operation-twin-shells-operator-and-gadget-guide,yes,Y9S3
generic.breach_charge,player.defender,damage:lethal_close,Far side: lethal close to the charge; the lethal area shrank and the damaging area widened in Y4S1. Exact hp/radius UNVERIFIED. Tinnitus within 3 m.,https://rainbowsix.fandom.com/wiki/Breach_Charge/Siege ; https://rainbowsix.fandom.com/wiki/Rainbow_Six_Siege_patches/Patch_4.1.0,UNVERIFIED,Y4S1
generic.breach_charge,player.attacker,damage:50,Placer side: 50 hp (from 150 in Y4S1); no damage beyond 1 m (Fandom). FF/RFF rules apply to teammates.,https://rainbowsix.fandom.com/wiki/Rainbow_Six_Siege_patches/Patch_4.1.0 ; https://rainbowsix.fandom.com/wiki/Breach_Charge/Siege,yes,Y4S1
generic.hard_breach_charge,surface.reinforced_wall,breach_small,"2 s placement, then an automatic 4 s fuse (not remote; Y7S3). Square hole too small to run through: crouch or vault if placed low. Detaches reinforcement only along the cut (Y10S4 full-line rule).",https://www.ubisoft.com/en-gb/game/rainbow-six/siege/news-updates/2vKaDckg5VPV1ViA4p8KM/y7s3-preseason-designers-notes ; https://www.ubisoft.com/en-us/game/rainbow-six/siege/news-updates/2LqpNY95OdSdWBB8SBEmbg/y5s3-preseason-designers-notes ; https://rainbowsix.fandom.com/wiki/Hard_Breach_Charge ; https://www.ubisoft.com/en-us/game/rainbow-six/siege/news-updates/1XzWbYPWo59u7NgZVDjaIm/y10s4-designers-notes,yes,Y7S3
generic.hard_breach_charge,surface.reinforced_hatch,breach_full,"Deals 1,000,000 (whole hatch) only if 3 or more of its conical charges sit on the hatch (Y5S3 rule; not re-confirmed since).",https://www.ubisoft.com/en-us/game/rainbow-six/siege/news-updates/2LqpNY95OdSdWBB8SBEmbg/y5s3-preseason-designers-notes,UNVERIFIED,Y5S3
generic.hard_breach_charge,surface.soft_wall,breach_small,Usable on all destructible surfaces; same small square hole.,https://rainbowsix.fandom.com/wiki/Hard_Breach_Charge,yes,Fandom 2026-09
generic.hard_breach_charge,surface.barricade,breach,"Usable on all destructible surfaces, barricades included.",https://rainbowsix.fandom.com/wiki/Hard_Breach_Charge,yes,Fandom 2026-09
generic.hard_breach_charge,surface.hard_wall,cannot_place,Hard breach cannot open indestructible surfaces.,https://rainbowsix.fandom.com/wiki/Hard_Breach_Charge ; https://rainbowsix.fandom.com/wiki/Destruction,yes,Fandom 2026-09
generic.hard_breach_charge,mira.black_mirror,destroy,PLACEHOLDER. Guides say any hard breacher destroys a Mirror on a reinforced wall; Fandom lists Thermite/Hibana/Ace/Maverick but not the HBC. Whether the small hole must cover an anchor is unknown.,https://siege.gg/news/3296-rainbow-six-siege-operator-guide-mira ; https://r6siegecenter.com/guides/operators/defenders/mira/ ; https://rainbowsix.fandom.com/wiki/Mira_(Siege),UNVERIFIED,none
generic.hard_breach_charge,player.defender,damage:5,5 hp to anyone on or right next to it; blast only ~0.5 m.,https://rainbowsix.fandom.com/wiki/Hard_Breach_Charge,yes,Fandom 2026-09
generic.hard_breach_charge,player.attacker,damage:5,"Same 5 hp / ~0.5 m blast applies to anyone, including the placer.",https://rainbowsix.fandom.com/wiki/Hard_Breach_Charge,yes,Fandom 2026-09
generic.claymore,player.defender,damage:155,"155 hp (Y11S3, was 150). Detonates instantly when a DEFENDER crosses one of 3 lasers (2 m long, 0 and +-30 deg); arms ~1 s after placement. Full damage to 2 m, 0 at 6 m, 180 deg front + 1 m behind (Fandom, UNVERIFIED for current values). Not placeable while rappelling.",https://www.ubisoft.com/en-us/game/rainbow-six/siege/news-updates/PONCuRt8LaCr3O31NkBQb/y11s3-designers-notes ; https://www.ubisoft.com/en-us/game/rainbow-six/siege/news-updates/1P21T5Rllq7X72E0zSGpEG/y9s3-designers-notes ; https://rainbowsix.fandom.com/wiki/Claymore,yes,Y11S3
player.attacker,generic.claymore,no_trigger,Only enemies (defenders) trigger it. Whether its blast damages nearby attackers is UNVERIFIED (FF rules).,https://rainbowsix.fandom.com/wiki/Claymore ; https://www.ubisoft.com/en-us/game/rainbow-six/siege/news-updates/1P21T5Rllq7X72E0zSGpEG/y9s3-designers-notes,yes,Y9S3
generic.claymore,skopos.shell_idle,delayed_trigger,A Claymore placed against the idle shell does not fire until Skopos activates that shell.,https://rainbowsix.fandom.com/wiki/Skop%C3%B3s,yes,Fandom 2026-09
generic.claymore,surface.barricade,laser_passes_gaps,"Lasers pass through drone holes, barricade gaps and wall holes, so a Claymore can cover a window/door from outside; solid objects block lasers. Whether its blast damages barricades or walls is UNVERIFIED.",https://rainbowsix.fandom.com/wiki/Claymore ; https://www.ubisoft.com/en-us/game/rainbow-six/siege/news-updates/1P21T5Rllq7X72E0zSGpEG/y9s3-designers-notes,yes,Fandom 2026-09
generic.claymore,generic.deployable_shield,destroy,Fandom lists the Claymore among explosions that destroy it. Only when a defender sets the Claymore off with the target inside its blast arc.,https://rainbowsix.fandom.com/wiki/Deployable_Shield,yes,Fandom 2026-09
generic.claymore,generic.barbed_wire,destroy,Any explosion destroys it. Only when a defender sets the Claymore off with the target inside its blast arc.,https://rainbowsix.fandom.com/wiki/Barbed_Wire,yes,Fandom 2026-09
generic.claymore,lesion.gu_mine,destroy,Explosives destroy Gu; Claymore not named specifically. Only when a defender sets the Claymore off with the target inside its blast arc.,https://rainbowsix.fandom.com/wiki/Lesion,UNVERIFIED,inferred
generic.claymore,mute.signal_disruptor,destroy,Jammers die to any damage. Only when a defender sets the Claymore off with the target inside its blast arc.,https://rainbowsix.fandom.com/wiki/Mute,yes,Fandom 2026-09
generic.claymore,generic.bulletproof_camera,destroy,Explosives destroy it. Only when a defender sets the Claymore off with the target inside its blast arc.,https://rainbowsix.fandom.com/wiki/Bulletproof_Camera,yes,Fandom 2026-09
generic.claymore,generic.nitro_cell,destroy,Any explosion in range destroys it. Only when a defender sets the Claymore off with the target inside its blast arc.,https://rainbowsix.fandom.com/wiki/C4,yes,Fandom 2026-09
generic.claymore,generic.proximity_alarm,destroy,Explosions destroy it. Only when a defender sets the Claymore off with the target inside its blast arc.,https://siege.gg/news/proximity-alarm,yes,undated (siege.gg)
generic.claymore,generic.observation_blocker,destroy,Vulnerable to explosives (1 hp). Only when a defender sets the Claymore off with the target inside its blast arc.,https://www.ubisoft.com/en-gb/game/rainbow-six/siege/news-updates/42o6BhsFgmPla9wmiJ5GnJ/y8s2-designers-notes,yes,Y8S2
generic.claymore,skopos.idle_shell_shield,destroy,Barrier is not explosion-proof. Only when a defender sets the Claymore off with the target inside its blast arc.,https://news.ubisoft.com/en-us/article/6md8NyzcybEjZ2bMROA5fP/rainbow-six-siege-operation-twin-shells-operator-and-gadget-guide,yes,Y9S3
generic.frag,surface.soft_wall,breach,"Breaks soft surfaces, but a walk-through hole is unreliable (it bounces and is fuse-based). Fuse 4 s, drops to 2 s after first bounce; cannot be cooked (Y8S4).",https://rainbowsix.fandom.com/wiki/M67/Siege ; https://www.ubisoft.com/en-gb/game/rainbow-six/siege/news-updates/1BZt0t9asNHvdTBHU9OUGZ/y8s4-designers-notes ; https://rainbowsix.fandom.com/wiki/Rainbow_Six_Siege_patches/Patch_4.1.0,yes,Y8S4
generic.frag,surface.hatch,open,Opens unreinforced hatches reliably.,https://rainbowsix.fandom.com/wiki/M67/Siege ; https://rainbowsix.fandom.com/wiki/Destruction,yes,Fandom 2026-09
generic.frag,surface.soft_floor,breach_los_only,Line-of-sight hole only (floors are never drop-through).,https://rainbowsix.fandom.com/wiki/M67/Siege ; https://rainbowsix.fandom.com/wiki/Destruction,yes,Fandom 2026-09
generic.frag,surface.barricade,destroy,Destroys barricades near it.,https://rainbowsix.fandom.com/wiki/M67/Siege ; https://rainbowsix.fandom.com/wiki/Barricade,yes,Fandom 2026-09
generic.frag,mira.black_mirror,destroy,Only via a SOFT host wall being destroyed; the glass itself is explosion-proof.,https://rainbowsix.fandom.com/wiki/Mira_(Siege) ; https://siege.gg/news/3296-rainbow-six-siege-operator-guide-mira,yes,Fandom 2026-09
generic.frag,mira.black_mirror_canister,destroy,A frag landing on the defender side can pop the canister; the glass ejects ~4 s later.,https://rainbowsix.fandom.com/wiki/Mira_(Siege),yes,Fandom 2026-09
generic.frag,generic.deployable_shield,destroy,"Any explosion destroys it instantly. Within the frag's destruction radius (3.6 m non-lethal edge, Y7S3).",https://rainbowsix.fandom.com/wiki/Deployable_Shield ; https://www.ubisoft.com/en-gb/game/rainbow-six/siege/news-updates/2vKaDckg5VPV1ViA4p8KM/y7s3-preseason-designers-notes,yes,Fandom 2026-09
generic.frag,generic.barbed_wire,destroy,"Any explosion destroys it. Within the frag's destruction radius (3.6 m non-lethal edge, Y7S3).",https://rainbowsix.fandom.com/wiki/Barbed_Wire ; https://www.ubisoft.com/en-gb/game/rainbow-six/siege/news-updates/2vKaDckg5VPV1ViA4p8KM/y7s3-preseason-designers-notes,yes,Fandom 2026-09
generic.frag,lesion.gu_mine,destroy,"Gu mines are susceptible to explosives. Within the frag's destruction radius (3.6 m non-lethal edge, Y7S3).",https://rainbowsix.fandom.com/wiki/Lesion ; https://www.ubisoft.com/en-gb/game/rainbow-six/siege/news-updates/2vKaDckg5VPV1ViA4p8KM/y7s3-preseason-designers-notes,yes,Fandom 2026-09
generic.frag,mute.signal_disruptor,destroy,"Jammers die to any damage. Within the frag's destruction radius (3.6 m non-lethal edge, Y7S3).",https://rainbowsix.fandom.com/wiki/Mute ; https://www.ubisoft.com/en-gb/game/rainbow-six/siege/news-updates/2vKaDckg5VPV1ViA4p8KM/y7s3-preseason-designers-notes,yes,Fandom 2026-09
generic.frag,generic.bulletproof_camera,destroy,"Explosives destroy it. Within the frag's destruction radius (3.6 m non-lethal edge, Y7S3).",https://rainbowsix.fandom.com/wiki/Bulletproof_Camera ; https://www.ubisoft.com/en-gb/game/rainbow-six/siege/news-updates/2vKaDckg5VPV1ViA4p8KM/y7s3-preseason-designers-notes,yes,Fandom 2026-09
generic.frag,generic.nitro_cell,destroy,"Any explosion in range destroys it. Within the frag's destruction radius (3.6 m non-lethal edge, Y7S3).",https://rainbowsix.fandom.com/wiki/C4 ; https://www.ubisoft.com/en-gb/game/rainbow-six/siege/news-updates/2vKaDckg5VPV1ViA4p8KM/y7s3-preseason-designers-notes,yes,Fandom 2026-09
generic.frag,generic.proximity_alarm,destroy,"Explosions destroy it. Within the frag's destruction radius (3.6 m non-lethal edge, Y7S3).",https://siege.gg/news/proximity-alarm ; https://www.ubisoft.com/en-gb/game/rainbow-six/siege/news-updates/2vKaDckg5VPV1ViA4p8KM/y7s3-preseason-designers-notes,yes,undated (siege.gg)
generic.frag,generic.observation_blocker,destroy,"Official vulnerabilities include explosives (1 hp). Within the frag's destruction radius (3.6 m non-lethal edge, Y7S3).",https://www.ubisoft.com/en-gb/game/rainbow-six/siege/news-updates/42o6BhsFgmPla9wmiJ5GnJ/y8s2-designers-notes ; https://www.ubisoft.com/en-gb/game/rainbow-six/siege/news-updates/2vKaDckg5VPV1ViA4p8KM/y7s3-preseason-designers-notes,yes,Y8S2
generic.frag,skopos.idle_shell_shield,destroy,"Barrier is bulletproof, not explosion-proof. Within the frag's destruction radius (3.6 m non-lethal edge, Y7S3).",https://news.ubisoft.com/en-us/article/6md8NyzcybEjZ2bMROA5fP/rainbow-six-siege-operation-twin-shells-operator-and-gadget-guide ; https://www.ubisoft.com/en-gb/game/rainbow-six/siege/news-updates/2vKaDckg5VPV1ViA4p8KM/y7s3-preseason-designers-notes,yes,Y9S3
generic.frag,skopos.shell_idle,damage,Explosives damage shells like bodies once the barrier is gone or from the side. Amount UNVERIFIED.,https://news.ubisoft.com/en-us/article/6md8NyzcybEjZ2bMROA5fP/rainbow-six-siege-operation-twin-shells-operator-and-gadget-guide,UNVERIFIED,inferred
generic.frag,player.defender,damage:UNVERIFIED(placeholder 150),"Current flat hp value unknown; Fandom 142/120/105 is pre-Y6S3 armour-era data. Non-lethal edge 3.6 m (Y7S3); lethal radius ""nearly the same"" (value unknown).",https://www.ubisoft.com/en-gb/game/rainbow-six/siege/news-updates/2vKaDckg5VPV1ViA4p8KM/y7s3-preseason-designers-notes ; https://rainbowsix.fandom.com/wiki/M67/Siege,UNVERIFIED,Y7S3
generic.frag,player.attacker,damage,"Damages everyone, allies included (FF/RFF rules apply).",https://rainbowsix.fandom.com/wiki/M67/Siege,yes,Fandom 2026-09
generic.frag,ingredient.fire_extinguisher,trigger,"Explosives set extinguishers off (smoke cloud + short-range concussion), per destruction.md reading of the Siege X notes and the Y10S2.0 addendum.",https://www.ubisoft.com/en-us/game/rainbow-six/siege/news-updates/seasons/daybreak ; https://www.ubisoft.com/en-us/game/rainbow-six/siege/news-updates/ixjnXu9g80eFVW3X7cNFF/y10s20-patch-notes-addendum ; https://news.ubisoft.com/en-us/article/55e9bGaVCdO52trbclOhpf/rainbow-six-siege-x-showcase-everything-you-need-to-know,yes,Y10S2
generic.frag,ingredient.gas_pipe,trigger,"PLACEHOLDER. Gas pipes trigger ""when damaged""; explosives very likely count.",https://news.ubisoft.com/en-us/article/55e9bGaVCdO52trbclOhpf/rainbow-six-siege-x-showcase-everything-you-need-to-know ; https://www.ubisoft.com/en-us/game/rainbow-six/siege/news-updates/seasons/daybreak,UNVERIFIED,none
generic.stun,player.defender,blind:5s,"Blind + deafen up to 5 s; target can still move. Facing: up to 15 m, full blind within 11 m; facing away: visual only within 3 m; tinnitus within 8 m regardless of facing. Detonates 2 s after first bounce; cannot be cooked. 5 hp only on a direct hit. Values last changed long ago (Fandom).",https://rainbowsix.fandom.com/wiki/Stun_Grenade/Siege ; https://siege.gg/news/stun-grenade,UNVERIFIED,Fandom 2026-09
generic.stun,player.attacker,blind:5s,"Blinds teammates too, same ranges.",https://rainbowsix.fandom.com/wiki/Stun_Grenade/Siege,yes,Fandom 2026-09
generic.stun,mira.black_mirror,passes_through,Stuns still blind defenders looking through an intact Mirror.,https://rainbowsix.fandom.com/wiki/Mira_(Siege),yes,Fandom 2026-09
generic.stun,generic.deployable_shield,passes_through,"Seen through the shield's window slits, a stun still flashes the viewer.",https://rainbowsix.fandom.com/wiki/Deployable_Shield,yes,Fandom 2026-09
generic.stun,camera.default,no_effect,"Cameras/drones are unaffected, and a player watching cameras is unaffected unless they leave cams before the effect ends.",https://rainbowsix.fandom.com/wiki/Stun_Grenade/Siege,yes,Fandom 2026-09
generic.stun,generic.bulletproof_camera,no_effect,Observation tools are unaffected.,https://rainbowsix.fandom.com/wiki/Stun_Grenade/Siege,yes,Fandom 2026-09
generic.stun,drone.standard,no_effect,Observation tools are unaffected.,https://rainbowsix.fandom.com/wiki/Stun_Grenade/Siege,yes,Fandom 2026-09
generic.stun,skopos.shell_active,blind:5s,"Shells are only immune to gas, not flashes, so the active shell is presumably affected like an operator.",https://news.ubisoft.com/en-us/article/6md8NyzcybEjZ2bMROA5fP/rainbow-six-siege-operation-twin-shells-operator-and-gadget-guide,UNVERIFIED,inferred
generic.smoke,camera.default,blocks_vision,"Cloud ~5 m diameter for ~10 s (Fandom, old values); releases 3 s after throw or 2 s after first surface hit.",https://rainbowsix.fandom.com/wiki/Smoke_Grenade,yes,Fandom 2026-09
generic.smoke,drone.standard,blocks_vision,Blocks all vision through the cloud.,https://rainbowsix.fandom.com/wiki/Smoke_Grenade,yes,Fandom 2026-09
generic.smoke,generic.bulletproof_camera,no_effect,BP Camera thermal view sees through smoke.,https://rainbowsix.fandom.com/wiki/Smoke_Grenade ; https://rainbowsix.fandom.com/wiki/Bulletproof_Camera,yes,Fandom 2026-09
generic.smoke,player.defender,blocks_vision,Blocks vision and hides players inside; bullets pass through; pinging the cloud pings the cloud. 5 hp on a direct hit. Size/duration UNVERIFIED for the current build.,https://rainbowsix.fandom.com/wiki/Smoke_Grenade,UNVERIFIED,Fandom 2026-09
generic.smoke,pulse.cardiac_sensor,no_effect,The sensor reads through walls and floors; smoke should not matter. Inferred.,https://rainbowsix.fandom.com/wiki/Pulse_(Siege) ; https://www.ubisoft.com/en-us/game/rainbow-six/siege/game-info/operators/pulse,UNVERIFIED,inferred
generic.smoke,skopos.shell_idle,blocks_vision,Idle-shell camera is a normal observation tool (not described as thermal). Inferred.,https://news.ubisoft.com/en-us/article/6md8NyzcybEjZ2bMROA5fP/rainbow-six-siege-operation-twin-shells-operator-and-gadget-guide,UNVERIFIED,inferred
generic.impact_emp,mute.signal_disruptor,dseg_disable,Radius 2.0 m (Y11S2.3). Disable 9 s (Y7S3; not re-confirmed after the Y10S4 DSEG rework). Re-applying refreshes the timer. Detonates on impact.,https://www.ubisoft.com/en-us/game/rainbow-six/siege/news-updates/2EIn06EmkAIG7su2fpITue/y11s23-patch-notes ; https://www.ubisoft.com/en-gb/game/rainbow-six/siege/news-updates/2vKaDckg5VPV1ViA4p8KM/y7s3-preseason-designers-notes ; https://www.ubisoft.com/en-us/game/rainbow-six/siege/news-updates/1XzWbYPWo59u7NgZVDjaIm/y10s4-designers-notes ; https://rainbowsix.fandom.com/wiki/EMP_Grenade,yes,Y11S2.3
generic.impact_emp,generic.bulletproof_camera,dseg_disable,"No feed, no dart while disabled.",https://www.ubisoft.com/en-us/game/rainbow-six/siege/news-updates/2EIn06EmkAIG7su2fpITue/y11s23-patch-notes ; https://www.ubisoft.com/en-gb/game/rainbow-six/siege/news-updates/2vKaDckg5VPV1ViA4p8KM/y7s3-preseason-designers-notes ; https://www.ubisoft.com/en-us/game/rainbow-six/siege/news-updates/1XzWbYPWo59u7NgZVDjaIm/y10s4-designers-notes ; https://rainbowsix.fandom.com/wiki/EMP_Grenade,yes,Y11S2.3
generic.impact_emp,generic.proximity_alarm,dseg_disable,Electronic; disabled.,https://www.ubisoft.com/en-us/game/rainbow-six/siege/news-updates/2EIn06EmkAIG7su2fpITue/y11s23-patch-notes ; https://www.ubisoft.com/en-gb/game/rainbow-six/siege/news-updates/2vKaDckg5VPV1ViA4p8KM/y7s3-preseason-designers-notes ; https://www.ubisoft.com/en-us/game/rainbow-six/siege/news-updates/1XzWbYPWo59u7NgZVDjaIm/y10s4-designers-notes ; https://rainbowsix.fandom.com/wiki/EMP_Grenade,yes,Y11S2.3
generic.impact_emp,generic.nitro_cell,dseg_disable,"Disabled, not destroyed; a device inside a DSEG field cannot be triggered remotely.",https://www.ubisoft.com/en-us/game/rainbow-six/siege/news-updates/2EIn06EmkAIG7su2fpITue/y11s23-patch-notes ; https://www.ubisoft.com/en-gb/game/rainbow-six/siege/news-updates/2vKaDckg5VPV1ViA4p8KM/y7s3-preseason-designers-notes ; https://www.ubisoft.com/en-us/game/rainbow-six/siege/news-updates/1XzWbYPWo59u7NgZVDjaIm/y10s4-designers-notes ; https://rainbowsix.fandom.com/wiki/EMP_Grenade ; https://rainbowsix.fandom.com/wiki/C4 ; https://www.ubisoft.com/en-us/game/rainbow-six/siege/news-updates/seasons/tenfoldpursuit,yes,Y11S2.3
generic.impact_emp,generic.observation_blocker,dseg_disable,"CONFLICT. Fandom OB page: EMP DESTROYS it. Official Y8S2 DN lists its vulnerabilities as bullets, laser, melee, explosives (no EMP) and gives it Type: Electronic; under the DSEG model electronics are disabled, not destroyed. Chosen: dseg_disable.",https://www.ubisoft.com/en-gb/game/rainbow-six/siege/news-updates/42o6BhsFgmPla9wmiJ5GnJ/y8s2-designers-notes ; https://rainbowsix.fandom.com/wiki/Observation_Blocker ; https://rainbowsix.fandom.com/wiki/EMP_Grenade ; https://www.ubisoft.com/en-us/game/rainbow-six/siege/news-updates/1XzWbYPWo59u7NgZVDjaIm/y10s4-designers-notes,UNVERIFIED,Y10S4 (inferred)
generic.impact_emp,camera.default,dseg_disable,"Default cameras are electronic; DSEG disables them temporarily (Fandom CCTV, stated for Thatcher's EMP).",https://rainbowsix.fandom.com/wiki/CCTV ; https://www.ubisoft.com/en-us/game/rainbow-six/siege/news-updates/1XzWbYPWo59u7NgZVDjaIm/y10s4-designers-notes,yes,Y10S4
generic.impact_emp,pulse.cardiac_sensor,dseg_disable,"Pulse must be inside the 2 m radius. Fandom: the sensor freezes (scan still moves, no new blips, old blips frozen), 5 s for Thatcher's EMP; duration for the Impact EMP UNVERIFIED.",https://rainbowsix.fandom.com/wiki/Heartbeat_Sensor ; https://rainbowsix.fandom.com/wiki/EMP_Grenade ; https://www.ubisoft.com/en-us/game/rainbow-six/siege/news-updates/seasons/tenfoldpursuit ; https://www.ubisoft.com/en-us/game/rainbow-six/siege/news-updates/2EIn06EmkAIG7su2fpITue/y11s23-patch-notes,UNVERIFIED,Fandom 2026-09
generic.impact_emp,lesion.gu_mine,no_effect,"Mechanical since Y8S3. Fandom's EMP page still lists Gu, which is outdated.",https://www.ubisoft.com/en-us/game/rainbow-six/siege/news-updates/2Btj0mP7e7gVKIODGSLuiX/y8s3-designers-notes ; https://rainbowsix.fandom.com/wiki/Lesion,yes,Y8S3
generic.impact_emp,mira.black_mirror,no_effect,Not electronic; a Steam guide claiming EMPs disable Mirrors is unsupported.,https://rainbowsix.fandom.com/wiki/EMP_Grenade ; https://rainbowsix.fandom.com/wiki/Mira_(Siege),yes,Fandom 2026-09
generic.impact_emp,skopos.shell_idle,disable_swap,The idle shell is temporarily disabled: Skopos cannot swap into it. Duration UNVERIFIED.,https://news.ubisoft.com/en-us/article/6md8NyzcybEjZ2bMROA5fP/rainbow-six-siege-operation-twin-shells-operator-and-gadget-guide ; https://www.ubisoft.com/en-us/game/rainbow-six/siege/news-updates/2EIn06EmkAIG7su2fpITue/y11s23-patch-notes,yes,Y9S3
generic.impact_emp,skopos.shell_active,block_obs_tools,"The active shell is NOT disabled (anti-EMP collar), but her HUD glitches and she cannot open observation tools, so she cannot swap for the duration.",https://news.ubisoft.com/en-us/article/6md8NyzcybEjZ2bMROA5fP/rainbow-six-siege-operation-twin-shells-operator-and-gadget-guide ; https://www.trichotome-design.com/blog/2024/9/15/skops-behind-the-scenes ; https://rainbowsix.fandom.com/wiki/Skop%C3%B3s,yes,Y9S3
generic.impact_emp,generic.barbed_wire,no_effect,Not electronic.,https://rainbowsix.fandom.com/wiki/EMP_Grenade,yes,Fandom 2026-09
generic.impact_emp,generic.deployable_shield,no_effect,Not electronic.,https://rainbowsix.fandom.com/wiki/EMP_Grenade,yes,Fandom 2026-09
generic.impact_emp,dokkaebi.jegeo_payload,interrupt_upload,Official Y11S3 rationale: an EMP on the target's phone breaks the connection (why her own EMPs were removed). Whether a TEAMMATE's (Sledge/Striker) EMP on the target cancels her upload is UNVERIFIED.,https://www.ubisoft.com/en-us/game/rainbow-six/siege/news-updates/PONCuRt8LaCr3O31NkBQb/y11s3-designers-notes,UNVERIFIED,Y11S3
generic.impact_emp,player.defender,dseg_operator,"A defender inside the field: all sights/scopes/optics disabled (Y10S4), no observation tools, cannot trigger remote devices (e.g. his Nitro Cell). 5 hp only on a direct hit.",https://www.ubisoft.com/en-us/game/rainbow-six/siege/news-updates/1XzWbYPWo59u7NgZVDjaIm/y10s4-designers-notes ; https://www.ubisoft.com/en-us/game/rainbow-six/siege/news-updates/seasons/tenfoldpursuit ; https://www.ubisoft.com/en-us/game/rainbow-six/siege/game-info/seasons/highcalibre,yes,Y10S4
generic.impact_emp,drone.standard,no_effect,Applies DSEG to ENEMY electronics; friendly drones assumed unaffected.,https://rainbowsix.fandom.com/wiki/EMP_Grenade,UNVERIFIED,Fandom 2026-09
generic.impact_emp,ingredient.metal_detector,dseg_disable,Siege X metal detectors can be EMP-disabled temporarily (sparks show); Y10S4.2 fixed this for Kanal. Oregon metal detectors: none expected (UNVERIFIED).,https://www.ubisoft.com/en-us/game/rainbow-six/siege/news-updates/3HSeMj81P0CL3m0N8FS5tK/y10s42-patch-notes ; https://rainbowsix.fandom.com/wiki/Rainbow_Six_Siege_patches/Patch_10.4.2 ; https://news.ubisoft.com/en-us/article/55e9bGaVCdO52trbclOhpf/rainbow-six-siege-x-showcase-everything-you-need-to-know,yes,Y10S4.2
generic.bulletproof_camera_dart,drone.standard,dseg_disable,EMP dart explosion range 0.75 m (Y11S2.1). Any living defender on the camera can fire it; not after the glass is shattered. Recharge time and disable duration UNVERIFIED.,https://www.ubisoft.com/en-au/game/rainbow-six/siege/news-updates/6b2rj9Kf1onAvpLRqvNB1r/y6s4-preseason-designers-notes ; https://www.ubisoft.com/en-us/game/rainbow-six/siege/news-updates/7tAny5W9p4yrHmIiH51noI/y11s21-patch-notes ; https://www.ubisoft.com/en-us/game/rainbow-six/siege/news-updates/1XzWbYPWo59u7NgZVDjaIm/y10s4-designers-notes,yes,Y11S2.1
generic.bulletproof_camera_dart,brava.kludge_drone,dseg_disable,PLACEHOLDER. Presumably disables the Kludge like other attacker electronics; not stated.,https://www.ubisoft.com/en-au/game/rainbow-six/siege/news-updates/6b2rj9Kf1onAvpLRqvNB1r/y6s4-preseason-designers-notes ; https://www.ubisoft.com/en-us/game/rainbow-six/siege/news-updates/7tAny5W9p4yrHmIiH51noI/y11s21-patch-notes ; https://www.ubisoft.com/en-us/game/rainbow-six/siege/news-updates/1XzWbYPWo59u7NgZVDjaIm/y10s4-designers-notes,UNVERIFIED,inferred
generic.bulletproof_camera_dart,generic.claymore,dseg_disable,Official Y6S4 example target.,https://www.ubisoft.com/en-au/game/rainbow-six/siege/news-updates/6b2rj9Kf1onAvpLRqvNB1r/y6s4-preseason-designers-notes ; https://www.ubisoft.com/en-us/game/rainbow-six/siege/news-updates/7tAny5W9p4yrHmIiH51noI/y11s21-patch-notes ; https://www.ubisoft.com/en-us/game/rainbow-six/siege/news-updates/1XzWbYPWo59u7NgZVDjaIm/y10s4-designers-notes,yes,Y11S2.1
generic.bulletproof_camera_dart,generic.breach_charge,dseg_disable,A device inside the DSEG field cannot be triggered remotely until the effect ends.,https://www.ubisoft.com/en-au/game/rainbow-six/siege/news-updates/6b2rj9Kf1onAvpLRqvNB1r/y6s4-preseason-designers-notes ; https://www.ubisoft.com/en-us/game/rainbow-six/siege/news-updates/7tAny5W9p4yrHmIiH51noI/y11s21-patch-notes ; https://www.ubisoft.com/en-us/game/rainbow-six/siege/news-updates/1XzWbYPWo59u7NgZVDjaIm/y10s4-designers-notes ; https://www.ubisoft.com/en-us/game/rainbow-six/siege/news-updates/seasons/tenfoldpursuit,yes,Y10S4
generic.bulletproof_camera_dart,fuze.cluster_charge,dseg_disable,DSEG'd device or operator cannot trigger; Y10S4 names Cluster charges.,https://www.ubisoft.com/en-au/game/rainbow-six/siege/news-updates/6b2rj9Kf1onAvpLRqvNB1r/y6s4-preseason-designers-notes ; https://www.ubisoft.com/en-us/game/rainbow-six/siege/news-updates/7tAny5W9p4yrHmIiH51noI/y11s21-patch-notes ; https://www.ubisoft.com/en-us/game/rainbow-six/siege/news-updates/1XzWbYPWo59u7NgZVDjaIm/y10s4-designers-notes ; https://www.ubisoft.com/en-us/game/rainbow-six/siege/news-updates/seasons/tenfoldpursuit,yes,Y10S4
generic.bulletproof_camera_dart,thermite.exothermic_charge,dseg_disable,DSEG'd device or operator cannot trigger; Y10S4 names Exothermic charges.,https://www.ubisoft.com/en-au/game/rainbow-six/siege/news-updates/6b2rj9Kf1onAvpLRqvNB1r/y6s4-preseason-designers-notes ; https://www.ubisoft.com/en-us/game/rainbow-six/siege/news-updates/7tAny5W9p4yrHmIiH51noI/y11s21-patch-notes ; https://www.ubisoft.com/en-us/game/rainbow-six/siege/news-updates/1XzWbYPWo59u7NgZVDjaIm/y10s4-designers-notes ; https://www.ubisoft.com/en-us/game/rainbow-six/siege/news-updates/seasons/tenfoldpursuit,yes,Y10S4
generic.bulletproof_camera_dart,generic.hard_breach_charge,no_effect,"PLACEHOLDER. Fuse-based, not remote-triggered, so DSEG should not stop it; not stated.",https://www.ubisoft.com/en-us/game/rainbow-six/siege/news-updates/1XzWbYPWo59u7NgZVDjaIm/y10s4-designers-notes ; https://rainbowsix.fandom.com/wiki/Hard_Breach_Charge,UNVERIFIED,inferred
generic.bulletproof_camera_dart,player.attacker,dseg_operator,"DSEG on the operator: all sights/optics disabled, no observation tools, cannot trigger remote devices (Breach, Cluster, Exothermic). Duration UNVERIFIED.",https://www.ubisoft.com/en-us/game/rainbow-six/siege/news-updates/1XzWbYPWo59u7NgZVDjaIm/y10s4-designers-notes ; https://www.ubisoft.com/en-us/game/rainbow-six/siege/news-updates/seasons/tenfoldpursuit ; https://www.ubisoft.com/en-us/game/rainbow-six/siege/news-updates/7tAny5W9p4yrHmIiH51noI/y11s21-patch-notes,yes,Y10S4
generic.bulletproof_camera_dart,dokkaebi.tablet,interrupt_upload,PLACEHOLDER. Whether a dart on Dokkaebi breaks a Jegeo upload is unknown.,https://www.ubisoft.com/en-us/game/rainbow-six/siege/news-updates/1XzWbYPWo59u7NgZVDjaIm/y10s4-designers-notes ; https://www.ubisoft.com/en-us/game/rainbow-six/siege/news-updates/PONCuRt8LaCr3O31NkBQb/y11s3-designers-notes,UNVERIFIED,none
generic.bulletproof_camera_dart,sledge.breaching_hammer,no_effect,PLACEHOLDER. The hammer is mechanical; DSEG only disables his sights.,https://www.ubisoft.com/en-us/game/rainbow-six/siege/news-updates/1XzWbYPWo59u7NgZVDjaIm/y10s4-designers-notes,UNVERIFIED,inferred
generic.bulletproof_camera,player.attacker,detects,"Observation tool: thermal-style view (operators white), sees through smoke, can ping/scan, rotatable (Y6S4). Placed outdoors it loses signal after 10 s.",https://www.ubisoft.com/en-au/game/rainbow-six/siege/news-updates/6b2rj9Kf1onAvpLRqvNB1r/y6s4-preseason-designers-notes ; https://rainbowsix.fandom.com/wiki/Bulletproof_Camera,yes,Y6S4
generic.observation_blocker,drone.standard,blocks_vision,"Screen up to 5 m wide x 2.2 m tall hides everything behind it from opponent observation tools; drones drive through it with no penalty. 1 s deploy (Y11S1), placed not thrown.",https://www.ubisoft.com/en-gb/game/rainbow-six/siege/news-updates/42o6BhsFgmPla9wmiJ5GnJ/y8s2-designers-notes ; https://www.ubisoft.com/en-us/game/rainbow-six/siege/news-updates/5fWCjoCU8toUJiBdMSj0UA/y11s1-designers-notes,yes,Y11S1
generic.observation_blocker,brava.kludge_drone,blocks_vision,"Official Y8S2: blocks vision from any observation tool, naming Brava's Kludge.",https://www.ubisoft.com/en-gb/game/rainbow-six/siege/news-updates/42o6BhsFgmPla9wmiJ5GnJ/y8s2-designers-notes,yes,Y8S2
generic.observation_blocker,camera.default,no_effect,Only blocks OPPONENT observation tools (in-game text); friendly cameras see through.,https://rainbowsix.fandom.com/wiki/Observation_Blocker ; https://www.ubisoft.com/en-gb/game/rainbow-six/siege/news-updates/42o6BhsFgmPla9wmiJ5GnJ/y8s2-designers-notes,yes,Fandom 2026-09
generic.observation_blocker,player.attacker,no_effect,Operators cannot see the barrier and are not affected.,https://www.ubisoft.com/en-gb/game/rainbow-six/siege/news-updates/42o6BhsFgmPla9wmiJ5GnJ/y8s2-designers-notes,yes,Y8S2
generic.observation_blocker,dokkaebi.camera_hack,blocks_vision,"PLACEHOLDER. When attackers view a hacked defender camera, does a defender OB block that view? Inferred as likely.",https://www.ubisoft.com/en-gb/game/rainbow-six/siege/news-updates/42o6BhsFgmPla9wmiJ5GnJ/y8s2-designers-notes ; https://rainbowsix.fandom.com/wiki/Dokkaebi,UNVERIFIED,none
generic.observation_blocker_converted,camera.default,blocks_vision,PLACEHOLDER. After a Brava hack it presumably blocks defender cameras instead.,https://rainbowsix.fandom.com/wiki/Brava,UNVERIFIED,none
generic.proximity_alarm,player.attacker,alarm,Any attacker entering the 3 m radius sets off a loud alarm heard by both teams through surfaces; the triggering attacker gets a HUD icon; the attacker's position is NOT pinged. Must have room to open; short arm delay.,https://www.ubisoft.com/en-us/game/rainbow-six/siege/news-updates/5uO2YSAhA1TzWclMco3A13/y5s2-preseason-designers-notes ; https://rainbowsix.fandom.com/wiki/Proximity_Alarm ; https://siege.gg/news/proximity-alarm,yes,Y5S2
generic.proximity_alarm,player.defender,no_effect,Only attackers trigger it (before any Brava conversion).,https://www.ubisoft.com/en-us/game/rainbow-six/siege/news-updates/5uO2YSAhA1TzWclMco3A13/y5s2-preseason-designers-notes,yes,Y5S2
generic.proximity_alarm,drone.standard,no_trigger,"PLACEHOLDER. Sources say ""any attacker""; whether drones count is unknown.",https://rainbowsix.fandom.com/wiki/Proximity_Alarm,UNVERIFIED,none
generic.proximity_alarm_converted,player.defender,alarm,"PLACEHOLDER. After a Brava hack it ""switches allegiance""; presumably it then triggers on defenders.",https://rainbowsix.fandom.com/wiki/Brava,UNVERIFIED,none
generic.barbed_wire,player.attacker,slow:50%;damage:5hp/s_moving,"CONFLICT resolved by official source: 1.25 m radius; speed -50% (Y3S2.2) and no sprint; official Y9S2 New Blood page: ""Deals 5hp damage every second while moving through it"" (gadgets.md doubted any damage). Rustles for anyone moving through it. Overlapping wires do not stack.",https://www.ubisoft.com/en-us/game/rainbow-six/siege/news-updates/seasons/newblood ; https://rainbowsix.fandom.com/wiki/Rainbow_Six_Siege_patches/Patch_3.2.2 ; https://rainbowsix.fandom.com/wiki/Barbed_Wire,yes,Y9S2
generic.barbed_wire,player.defender,no_slow,Defenders are not slowed; the wire still rustles when they move through it. Whether the Y9S2 5 hp/s also hits defenders is UNVERIFIED.,https://rainbowsix.fandom.com/wiki/Barbed_Wire,yes,Fandom 2026-09
generic.barbed_wire,drone.standard,slow:minimal,"Drones are slowed ""minimally"".",https://rainbowsix.fandom.com/wiki/Barbed_Wire,yes,Fandom 2026-09
generic.deployable_shield,player.attacker,blocks,Waist-high bulletproof cover (slits too); snaps to walls/doorways and fully blocks a standard doorway. Attackers must vault or destroy it; standing on top destroys it.,https://rainbowsix.fandom.com/wiki/Deployable_Shield ; https://siege.gg/news/deployable-shield,yes,Fandom 2026-09
generic.deployable_shield,generic.frag,blocks_explosion_damage,"RealBlast (Y5S1 dev blog): deployable shields carry ""block explosion damage"" metadata, so they stop blast rays to things behind them (applies to every explosive, not just frags). Separately, any explosion destroys the shield itself (Fandom). Order of the two effects in one blast is UNVERIFIED.",https://www.ubisoft.com/en-gb/game/rainbow-six/siege/news-updates/1QkezaGoRkDWqcQ6duGvtk/dev-blog-explosions-shrapnel-in-y5s1 ; https://rainbowsix.fandom.com/wiki/Deployable_Shield,yes,Y5S1
generic.deployable_shield,drone.standard,blocks_path,PLACEHOLDER-level source: used to block drone paths (e.g. to a Mirror canister). Drone jump interplay UNVERIFIED.,https://r6siegecenter.com/guides/operators/defenders/mira/,UNVERIFIED,undated (guide)
generic.nitro_cell,player.attacker,damage:171,"Fandom: max 171 hp within 2 m, falling fast to 0 at 6 m; also damages through breakable surfaces. May predate Y6S3 health system. Sticks to any surface; remote-detonated.",https://rainbowsix.fandom.com/wiki/C4,UNVERIFIED,Fandom 2026-09
generic.nitro_cell,fuze.ballistic_shield,absorb_66pct,Blast in front: shield absorbs 66%; thrown behind him it bypasses the shield. Any explosion >= 30 hp causes a guard break (Y9S1.3).,https://rainbowsix.fandom.com/wiki/C4 ; https://www.ubisoft.com/en-us/game/rainbow-six/siege/news-updates/6ZsfBMeGT0Anuu0IHjDQ0P/y9s13-patch-notes ; https://rainbowsix.fandom.com/wiki/Ballistic_Shield,yes,Y9S1.3
generic.nitro_cell,surface.soft_wall,breach,Explosive destruction of soft surfaces; hole size UNVERIFIED.,https://rainbowsix.fandom.com/wiki/C4 ; https://rainbowsix.fandom.com/wiki/Destruction,UNVERIFIED,Fandom 2026-09
generic.nitro_cell,surface.barricade,destroy,Explosives destroy barricades.,https://rainbowsix.fandom.com/wiki/Barricade,yes,Fandom 2026-09
generic.nitro_cell,generic.breach_charge,destroy,PLACEHOLDER. Shooting it or destroying its surface removes it; direct blast destruction not stated.,https://rainbowsix.fandom.com/wiki/Breach_Charge/Siege,UNVERIFIED,Fandom 2026-09
generic.nitro_cell,generic.hard_breach_charge,destroy,"Explosives destroy it (the ""impact trick"" over the top gap of a reinforcement).",https://rainbowsix.fandom.com/wiki/Hard_Breach_Charge ; https://siege.gg/news/impact-grenade ; https://rainbowsix.fandom.com/wiki/Impact_Grenade,yes,Fandom 2026-09
generic.nitro_cell,fuze.cluster_charge,destroy,Gunfire or explosives destroy it; on reinforced surfaces during the 1.75 s delay.,https://rainbowsix.fandom.com/wiki/Fuze_(Siege) ; https://www.ubisoft.com/en-us/game/rainbow-six/siege/news-updates/2zsUnVBdSsc10rirkPl1K5/y6s3-preseason-designers-notes,yes,Fandom 2026-09
generic.nitro_cell,thermite.exothermic_charge,destroy,Destroyable by any source of damage once placed.,https://rainbowsix.fandom.com/wiki/Thermite_(Siege),yes,Fandom 2026-09
generic.nitro_cell,generic.claymore,destroy,Explosions destroy it.,https://rainbowsix.fandom.com/wiki/Claymore,yes,Fandom 2026-09
generic.nitro_cell,drone.standard,destroy,Any damage destroys a drone.,https://rainbowsix.fandom.com/wiki/Drone,yes,Fandom 2026-09
generic.nitro_cell,brava.kludge_drone,destroy,Fragile; any damage.,https://siege.gg/news/rainbow-six-siege-new-operator-brava ; https://news.ubisoft.com/en-us/article/2SY2EgP1gLzVdXkz6uZSYu/rainbow-six-siege-operation-commanding-force-operator-and-gadget-guide,yes,Y8S1
generic.impact_grenade,player.attacker,damage:40,"Max 40 hp, 0 beyond 2 m (Y9S1.3; was 60 / 3 m). Explodes on impact or after 20 m of travel.",https://www.ubisoft.com/en-us/game/rainbow-six/siege/news-updates/6ZsfBMeGT0Anuu0IHjDQ0P/y9s13-patch-notes ; https://rainbowsix.fandom.com/wiki/Impact_Grenade ; https://siege.gg/news/impact-grenade,yes,Y9S1.3
generic.impact_grenade,surface.soft_wall,breach,At the right height: walk-through hole; too low/high: crouch/vault hole.,https://rainbowsix.fandom.com/wiki/Impact_Grenade ; https://siege.gg/news/impact-grenade,yes,Fandom 2026-09
generic.impact_grenade,surface.hatch,open,One grenade opens an unreinforced hatch.,https://rainbowsix.fandom.com/wiki/Impact_Grenade ; https://siege.gg/news/impact-grenade,yes,Fandom 2026-09
generic.impact_grenade,surface.soft_floor,breach_los_only,Creates line-of-sight holes in soft floors.,https://rainbowsix.fandom.com/wiki/Impact_Grenade,yes,Fandom 2026-09
generic.impact_grenade,surface.barricade,destroy,Explosives destroy barricades.,https://rainbowsix.fandom.com/wiki/Barricade,yes,Fandom 2026-09
generic.impact_grenade,fuze.ballistic_shield,guard_break,"Front blast: 66% absorbed; any explosion >= 30 hp breaks guard (Y9S1.3), so a close impact always does.",https://rainbowsix.fandom.com/wiki/Impact_Grenade ; https://www.ubisoft.com/en-us/game/rainbow-six/siege/news-updates/6ZsfBMeGT0Anuu0IHjDQ0P/y9s13-patch-notes ; https://rainbowsix.fandom.com/wiki/Ballistic_Shield,yes,Y9S1.3
generic.impact_grenade,generic.breach_charge,destroy,PLACEHOLDER. Shooting it or destroying its surface removes it; direct blast destruction not stated.,https://rainbowsix.fandom.com/wiki/Breach_Charge/Siege,UNVERIFIED,Fandom 2026-09
generic.impact_grenade,generic.hard_breach_charge,destroy,"Explosives destroy it (the ""impact trick"" over the top gap of a reinforcement).",https://rainbowsix.fandom.com/wiki/Hard_Breach_Charge ; https://siege.gg/news/impact-grenade ; https://rainbowsix.fandom.com/wiki/Impact_Grenade,yes,Fandom 2026-09
generic.impact_grenade,fuze.cluster_charge,destroy,Gunfire or explosives destroy it; on reinforced surfaces during the 1.75 s delay.,https://rainbowsix.fandom.com/wiki/Fuze_(Siege) ; https://www.ubisoft.com/en-us/game/rainbow-six/siege/news-updates/2zsUnVBdSsc10rirkPl1K5/y6s3-preseason-designers-notes,yes,Fandom 2026-09
generic.impact_grenade,thermite.exothermic_charge,destroy,Destroyable by any source of damage once placed.,https://rainbowsix.fandom.com/wiki/Thermite_(Siege),yes,Fandom 2026-09
generic.impact_grenade,generic.claymore,destroy,Explosions destroy it.,https://rainbowsix.fandom.com/wiki/Claymore,yes,Fandom 2026-09
generic.impact_grenade,drone.standard,destroy,Any damage destroys a drone.,https://rainbowsix.fandom.com/wiki/Drone,yes,Fandom 2026-09
generic.impact_grenade,brava.kludge_drone,destroy,Fragile; any damage.,https://siege.gg/news/rainbow-six-siege-new-operator-brava ; https://news.ubisoft.com/en-us/article/2SY2EgP1gLzVdXkz6uZSYu/rainbow-six-siege-operation-commanding-force-operator-and-gadget-guide,yes,Y8S1
lesion.gu_mine,player.attacker,sting:3+12/2s,"Contact within 1 m: 3 hp (Y9S1.3) then 12 hp every 2 s (Y8S3) until the needle is pulled or the victim is DBNO. No sprinting. Removal from standing stances only (time UNVERIFIED, placeholder 2 s). A second mine resets the timer and adds its impact + one instant tick (no stacking). Mines are always visible (no cloak since Y8S3).",https://www.ubisoft.com/en-us/game/rainbow-six/siege/news-updates/2Btj0mP7e7gVKIODGSLuiX/y8s3-designers-notes ; https://www.ubisoft.com/en-us/game/rainbow-six/siege/news-updates/2D4HsYOBEEg0wEW5dim34o/y9s13-designers-notes ; https://rainbowsix.fandom.com/wiki/Lesion,yes,Y9S1.3
lesion.gu_mine,player.attacker_dbno,no_effect,DBNO attackers still trigger mines but take no Gu effect.,https://www.ubisoft.com/en-us/game/rainbow-six/siege/news-updates/3LopsZumVn97iC5NoSGu8j/y5s1-preseason-designers-notes ; https://rainbowsix.fandom.com/wiki/Rainbow_Six_Siege_patches/Patch_5.1.0 ; https://rainbowsix.fandom.com/wiki/Lesion,yes,Y5S1
lesion.gu_mine,player.defender,no_effect,Only attackers trigger Gu mines.,https://rainbowsix.fandom.com/wiki/Lesion,yes,Fandom 2026-09
lesion.gu_mine,objective.defuser,blocks_plant_and_drop,A needled defuser carrier cannot plant or drop the defuser until the needle is removed (older Fandom text).,https://rainbowsix.fandom.com/wiki/Lesion,UNVERIFIED,Fandom 2026-09
lesion.gu_mine,fuze.ballistic_shield,force_unequip_to_remove,Shield users must un-equip the shield to pull the needle (Y5S1.1 fix note); Gu counts as a shield-slowing tool.,https://rainbowsix.fandom.com/wiki/Rainbow_Six_Siege_patches/Patch_5.1.1 ; https://www.ubisoft.com/en-us/game/rainbow-six/siege/news-updates/2D4HsYOBEEg0wEW5dim34o/y9s13-designers-notes,yes,Y5S1.1
lesion.gu_mine,drone.standard,no_trigger,"PLACEHOLDER. Drones are not operators, so probably no trigger.",https://rainbowsix.fandom.com/wiki/Lesion,UNVERIFIED,none
lesion.gu_mine,brava.kludge_drone,no_trigger,PLACEHOLDER. Same as standard drones.,https://rainbowsix.fandom.com/wiki/Lesion,UNVERIFIED,none
pulse.cardiac_sensor,player.attacker,detects,Range 10.5 m (Y11S2; was 9) through walls and floors; only Pulse sees the blips and shares by pinging; he cannot shoot while it is up. Field-of-view shape and vertical reach UNVERIFIED.,https://www.ubisoft.com/en-us/game/rainbow-six/siege/news-updates/2MNhboDBmsQKkWb5p8zqsg/y11s2-designers-notes ; https://www.ubisoft.com/en-us/game/rainbow-six/siege/game-info/operators/pulse ; https://rainbowsix.fandom.com/wiki/Pulse_(Siege),yes,Y11S2
pulse.cardiac_sensor,player.attacker_dbno,detects,PLACEHOLDER. Whether downed attackers still show a heartbeat is unknown.,https://rainbowsix.fandom.com/wiki/Pulse_(Siege),UNVERIFIED,none
pulse.cardiac_sensor,player.defender,no_effect,Friendly heartbeats are not shown (Skopos shells included).,https://rainbowsix.fandom.com/wiki/Pulse_(Siege) ; https://rainbowsix.fandom.com/wiki/Heartbeat_Sensor,yes,Fandom 2026-09
pulse.cardiac_sensor,drone.standard,no_effect,"Detects heartbeats only, not drones or gadgets.",https://rainbowsix.fandom.com/wiki/Pulse_(Siege),yes,Fandom 2026-09
pulse.cardiac_sensor,brava.kludge_drone,no_effect,"Detects Brava herself while she pilots, not the Kludge.",https://rainbowsix.fandom.com/wiki/Pulse_(Siege) ; https://rainbowsix.fandom.com/wiki/Brava,yes,Fandom 2026-09
skopos.shell_idle,player.attacker,detects,The idle shell is an observation tool for the whole defence. Pinging from it is UNVERIFIED.,https://news.ubisoft.com/en-us/article/6md8NyzcybEjZ2bMROA5fP/rainbow-six-siege-operation-twin-shells-operator-and-gadget-guide,yes,Y9S3
skopos.shell_active,surface.soft_wall,breach_melee_large,Since Y11S1 her melee works like Aruni's: bigger hole and destroys wood studs.,https://www.ubisoft.com/en-us/game/rainbow-six/siege/news-updates/5fWCjoCU8toUJiBdMSj0UA/y11s1-designers-notes,yes,Y11S1
skopos.shell_active,surface.barricade,destroy,"PLACEHOLDER. Aruni's punch breaks a barricade (and hatch) in one hit; ""same behavior"" suggests Skopos does too.",https://www.ubisoft.com/en-us/game/rainbow-six/siege/news-updates/5fWCjoCU8toUJiBdMSj0UA/y11s1-designers-notes,UNVERIFIED,inferred
mira.black_mirror,player.attacker,one_way_vision,Deploy (defender) side: clear view. Other side: opaque black. Bulletproof both ways and explosion-proof. Canister on the defender-side bottom frame.,https://rainbowsix.fandom.com/wiki/Mira_(Siege) ; https://www.ubisoft.com/en-us/game/rainbow-six/siege/game-info/operators/mira ; https://r6siegecenter.com/guides/operators/defenders/mira/,yes,Fandom 2026-09
mira.black_mirror,drone.standard,blocks_vision,From the attacker side the glass is opaque for drones and players alike.,https://rainbowsix.fandom.com/wiki/Mira_(Siege),yes,Fandom 2026-09
mira.black_mirror,surface.soft_wall,placeable,"Reinforceable walls only (soft or reinforced), standing or crouched height (not prone). 5 s deploy (UNVERIFIED). Burns out the covered section. Cannot be picked up.",https://rainbowsix.fandom.com/wiki/Mira_(Siege) ; https://r6siegecenter.com/guides/operators/defenders/mira/,yes,Fandom 2026-09
mira.black_mirror,surface.reinforced_wall,placeable_defender_side_only,Only from the side the reinforcement was deployed from; can straddle a reinforced/soft border.,https://rainbowsix.fandom.com/wiki/Mira_(Siege) ; https://r6siegecenter.com/guides/operators/defenders/mira/,yes,Fandom 2026-09
mira.black_mirror,surface.hard_wall,cannot_place,Not on hard (non-reinforceable) walls.,https://r6siegecenter.com/guides/operators/defenders/mira/ ; https://rainbowsix.fandom.com/wiki/Mira_(Siege),yes,undated (guide)
mira.black_mirror,surface.barricade,cannot_place,PLACEHOLDER. Every source describes walls only; doors/windows/barricades not stated.,https://rainbowsix.fandom.com/wiki/Mira_(Siege),UNVERIFIED,inferred
mira.black_mirror,surface.soft_floor,cannot_place,PLACEHOLDER. Walls only; floors/hatches not stated.,https://rainbowsix.fandom.com/wiki/Mira_(Siege),UNVERIFIED,inferred
mira.black_mirror_canister,mira.black_mirror,eject,Destroying the canister ejects the glass after ~4 s (UNVERIFIED time); the frame stays and the hole is an open murder hole for both teams. Small puff + noise audible both sides.,https://rainbowsix.fandom.com/wiki/Mira_(Siege) ; https://r6siegecenter.com/guides/operators/defenders/mira/,yes,Fandom 2026-09
weapon.bullet,generic.breach_charge,destroy,"Disappears if shot (exact HP UNVERIFIED, placeholder 1).",https://rainbowsix.fandom.com/wiki/Breach_Charge/Siege,yes,Fandom 2026-09
weapon.bullet,generic.hard_breach_charge,destroy,PLACEHOLDER. Whether gunfire destroys an HBC is not documented.,https://rainbowsix.fandom.com/wiki/Hard_Breach_Charge,UNVERIFIED,none
weapon.bullet,generic.claymore,destroy,"Destroyable by gunfire before it triggers (Y9S3); soft ""puff"" alerts the owner.",https://www.ubisoft.com/en-us/game/rainbow-six/siege/news-updates/1P21T5Rllq7X72E0zSGpEG/y9s3-designers-notes ; https://rainbowsix.fandom.com/wiki/Claymore,yes,Y9S3
weapon.bullet,fuze.cluster_charge,destroy,From the defender side it can only be shot after it breaches a soft surface (tube); at least one sub-grenade is always released. On reinforced surfaces it can be shot during the 1.75 s delay.,https://www.ubisoft.com/en-us/game/rainbow-six/siege/news-updates/2zsUnVBdSsc10rirkPl1K5/y6s3-preseason-designers-notes ; https://rainbowsix.fandom.com/wiki/Fuze_(Siege) ; https://www.ubisoft.com/en-us/game/rainbow-six/siege/news-updates/2EIn06EmkAIG7su2fpITue/y11s23-patch-notes,yes,Y11S2.3
weapon.bullet,thermite.exothermic_charge,destroy,"Any damage (defenders need a line: murder hole, gap, vertical).",https://rainbowsix.fandom.com/wiki/Thermite_(Siege),yes,Fandom 2026-09
weapon.bullet,drone.standard,destroy,One hit from any damage source except fall damage.,https://rainbowsix.fandom.com/wiki/Drone,yes,Fandom 2026-09
weapon.bullet,brava.kludge_drone,destroy,Large and fragile: one bullet.,https://siege.gg/news/rainbow-six-siege-new-operator-brava ; https://news.ubisoft.com/en-us/article/2SY2EgP1gLzVdXkz6uZSYu/rainbow-six-siege-operation-commanding-force-operator-and-gadget-guide,yes,Y8S1
weapon.bullet,camera.default,destroy,Destroyed instantly by gunfire.,https://rainbowsix.fandom.com/wiki/CCTV,yes,Fandom 2026-09
weapon.bullet,generic.bulletproof_camera,destroy_weak_point_only,"Front plate is bulletproof (glass cracks, view obscured); the side weak point dies to one bullet.",https://rainbowsix.fandom.com/wiki/Bulletproof_Camera ; https://siege.gg/news/bulletproof-camera,yes,Fandom 2026-09
weapon.bullet,generic.proximity_alarm,destroy,One bullet.,https://siege.gg/news/proximity-alarm,yes,undated (siege.gg)
weapon.bullet,generic.observation_blocker,destroy,1 hp; vulnerable to bullets.,https://www.ubisoft.com/en-gb/game/rainbow-six/siege/news-updates/42o6BhsFgmPla9wmiJ5GnJ/y8s2-designers-notes,yes,Y8S2
weapon.bullet,generic.nitro_cell,destroy,One bullet from any weapon; leaves a harmless puff (no detonation).,https://rainbowsix.fandom.com/wiki/C4,yes,Fandom 2026-09
weapon.bullet,mute.signal_disruptor,destroy,"Any damage (HP UNVERIFIED, placeholder 1).",https://rainbowsix.fandom.com/wiki/Mute,yes,Fandom 2026-09
weapon.bullet,lesion.gu_mine,destroy,"Gunfire destroys mines (HP UNVERIFIED, placeholder 1).",https://rainbowsix.fandom.com/wiki/Lesion,yes,Fandom 2026-09
weapon.bullet,generic.barbed_wire,no_effect,Immune to bullets.,https://rainbowsix.fandom.com/wiki/Barbed_Wire ; https://siege.gg/news/barbed-wire,yes,Fandom 2026-09
weapon.bullet,generic.deployable_shield,blocks,Bulletproof including its glass slits.,https://rainbowsix.fandom.com/wiki/Deployable_Shield ; https://siege.gg/news/deployable-shield,yes,Fandom 2026-09
weapon.bullet,mira.black_mirror,blocks,Bulletproof from both sides (effectively infinite HP).,https://rainbowsix.fandom.com/wiki/Mira_(Siege) ; https://r6siegecenter.com/guides/operators/defenders/mira/,yes,Fandom 2026-09
weapon.bullet,mira.black_mirror_canister,destroy,"Either team; attackers need a line to the defender side (hole above/below, drone, explosive). Glass ejects ~4 s later.",https://rainbowsix.fandom.com/wiki/Mira_(Siege) ; https://r6siegecenter.com/guides/operators/defenders/mira/,yes,Fandom 2026-09
weapon.bullet,skopos.idle_shell_shield,blocks,Barrier is bulletproof; its head-height glass window can be shattered with the right line of sight. Shield HP UNVERIFIED.,https://news.ubisoft.com/en-us/article/6md8NyzcybEjZ2bMROA5fP/rainbow-six-siege-operation-twin-shells-operator-and-gadget-guide ; https://rainbowsix.fandom.com/wiki/Skop%C3%B3s,yes,Y9S3
weapon.bullet,skopos.shell_idle,damage,"Shell has operator HP (100 since Y11S1). Headshots depend on calibre (e.g. D-50 kills, 5.7 USG does not; Fandom). Destroying the idle shell does not eliminate Skopos and is not a kill (Y9S3 fix); she can no longer swap.",https://news.ubisoft.com/en-us/article/6md8NyzcybEjZ2bMROA5fP/rainbow-six-siege-operation-twin-shells-operator-and-gadget-guide ; https://www.ubisoft.com/en-us/game/rainbow-six/siege/news-updates/5ETMcAwe6xWaSvEBBMM3Jo/y9s3-patch-notes-addendum ; https://rainbowsix.fandom.com/wiki/Skop%C3%B3s ; https://www.ubisoft.com/en-us/game/rainbow-six/siege/news-updates/5fWCjoCU8toUJiBdMSj0UA/y11s1-designers-notes,yes,Y11S1
weapon.bullet,skopos.shell_active,damage,Acts as the operator (100 hp). No DBNO: at 0 hp the shell is destroyed and Skopos is eliminated.,https://news.ubisoft.com/en-us/article/6md8NyzcybEjZ2bMROA5fP/rainbow-six-siege-operation-twin-shells-operator-and-gadget-guide ; https://rainbowsix.fandom.com/wiki/Skop%C3%B3s ; https://www.ubisoft.com/en-us/game/rainbow-six/siege/news-updates/5fWCjoCU8toUJiBdMSj0UA/y11s1-designers-notes,yes,Y11S1
weapon.bullet,fuze.ballistic_shield,blocks,"Shield has no HP; only the viewport cracks. Suppression: 10 hits start it, max at 40, 7 s fall-off (official Y9S1; Fandom says 5/20).",https://www.ubisoft.com/en-us/game/rainbow-six/siege/news-updates/3jBlCdtRBQx2sCjmY2umNu/y9s1-designers-notes ; https://rainbowsix.fandom.com/wiki/Ballistic_Shield,yes,Y9S1
weapon.bullet,generic.impact_grenade,no_effect,Attackers cannot shoot it down in flight.,https://rainbowsix.fandom.com/wiki/Impact_Grenade,yes,Fandom 2026-09
weapon.bullet,defender.dropped_phone,destroy,Defenders can destroy an eliminated teammate's dropped phone (any damage) to deny Dokkaebi's camera hack. Pre-remaster text; post-remaster UNVERIFIED (she now hacks at infinite range).,https://rainbowsix.fandom.com/wiki/Dokkaebi,UNVERIFIED,Fandom 2026-09
weapon.bullet,ingredient.gas_pipe,trigger,"Shooting a gas pipe starts a horizontal flame jet (~10-15 s), then an explosion, then a short ground fire. Damage values UNVERIFIED.",https://news.ubisoft.com/en-us/article/55e9bGaVCdO52trbclOhpf/rainbow-six-siege-x-showcase-everything-you-need-to-know ; https://www.ubisoft.com/en-us/game/rainbow-six/siege/news-updates/seasons/daybreak ; https://siege.gg/news/destructible-ingredients-to-change-the-game-in-siege-x,yes,Y10S2
weapon.bullet,ingredient.fire_extinguisher,trigger,Shooting it releases a thick smoke cloud and concusses operators close by (durations UNVERIFIED).,https://news.ubisoft.com/en-us/article/55e9bGaVCdO52trbclOhpf/rainbow-six-siege-x-showcase-everything-you-need-to-know ; https://www.ubisoft.com/en-us/game/rainbow-six/siege/news-updates/seasons/daybreak,yes,Y10S2
weapon.bullet,ingredient.metal_detector,destroy,Shooting (or melee/explosives) destroys it permanently.,https://siege.gg/news/destructible-ingredients-to-change-the-game-in-siege-x,yes,undated (siege.gg)
player.melee,mira.black_mirror,shatter,"One hit from either side (Y6S2): opaque both ways, still bulletproof, still in the wall, still ejectable via the canister.",https://rainbowsix.fandom.com/wiki/Mira_(Siege) ; https://siege.gg/news/3296-rainbow-six-siege-operator-guide-mira,yes,Y6S2
player.melee,mira.black_mirror_canister,destroy,Melee destroys the canister; glass ejects ~4 s later.,https://rainbowsix.fandom.com/wiki/Mira_(Siege),yes,Fandom 2026-09
player.melee,generic.barbed_wire,destroy_after_hits:2,Two melee hits from either side.,https://rainbowsix.fandom.com/wiki/Barbed_Wire ; https://siege.gg/news/barbed-wire,yes,Fandom 2026-09
player.melee,generic.deployable_shield,glass_opaque,A melee hit turns the glass opaque; the shield can then no longer be picked up. Whether melee can destroy the shield is UNVERIFIED.,https://rainbowsix.fandom.com/wiki/Deployable_Shield,yes,Fandom 2026-09
player.melee,generic.bulletproof_camera,shatter,"Glass shatters: no vision, no ping/scan, no EMP dart; audio still works (Y6S2 mechanic).",https://rainbowsix.fandom.com/wiki/Bulletproof_Camera ; https://www.ubisoft.com/en-au/game/rainbow-six/siege/news-updates/6b2rj9Kf1onAvpLRqvNB1r/y6s4-preseason-designers-notes,yes,Y6S4
player.melee,lesion.gu_mine,trigger_sting,Meleeing a Gu mine detonates it and the attacker is still stung.,https://rainbowsix.fandom.com/wiki/Lesion,yes,Fandom 2026-09
player.melee,surface.barricade,destroy_after_hits:3,3 hits always break one; 2 hits under a window give a vaultable gap.,https://rainbowsix.fandom.com/wiki/Barricade ; https://rainbowsix.fandom.com/wiki/Destruction,yes,Fandom 2026-09
player.melee,surface.soft_wall,hole_round,Each hit makes a round hole (placeholder 20-30 cm); studs survive.,https://rainbowsix.fandom.com/wiki/Destruction,yes,Fandom 2026-09
player.melee,fuze.ballistic_shield,guard_break,"Melee always guard-breaks regular shields (100% intensity, Y9S1).",https://www.ubisoft.com/en-us/game/rainbow-six/siege/news-updates/3jBlCdtRBQx2sCjmY2umNu/y9s1-designers-notes ; https://rainbowsix.fandom.com/wiki/Ballistic_Shield,yes,Y9S1
player.melee,mute.signal_disruptor,destroy,Any damage.,https://rainbowsix.fandom.com/wiki/Mute,yes,Fandom 2026-09
player.melee,generic.observation_blocker,destroy,Official vulnerabilities include melee.,https://www.ubisoft.com/en-gb/game/rainbow-six/siege/news-updates/42o6BhsFgmPla9wmiJ5GnJ/y8s2-designers-notes,yes,Y8S2
player.melee,drone.standard,destroy,Any damage except falls.,https://rainbowsix.fandom.com/wiki/Drone,yes,Fandom 2026-09
player.melee,ingredient.metal_detector,destroy,Melee destroys it.,https://siege.gg/news/destructible-ingredients-to-change-the-game-in-siege-x,yes,undated (siege.gg)
drone.standard,player.defender,detects,Hold scan ~1 s with the enemy under the crosshair: red ping for the team (through walls) and the target is identified/alerted.,https://rainbowsix.fandom.com/wiki/Drone,yes,Fandom 2026-09
drone.standard,surface.barricade,passes_under,Drones fit under DOOR barricades (bottom gap). Window barricades hang below the sill (no drone gap stated).,https://rainbowsix.fandom.com/wiki/Drone ; https://rainbowsix.fandom.com/wiki/Barricade,yes,Fandom 2026-09
camera.default,player.attacker,detects,"Scan ~1 s spots enemies (red ping, identify). LED shows when someone is on the camera.",https://rainbowsix.fandom.com/wiki/CCTV,yes,Fandom 2026-09
environment.outdoors,generic.bulletproof_camera,signal_lost:10s,"Placed outdoors, it loses signal after 10 s and must be picked up and redeployed (Y6S4).",https://www.ubisoft.com/en-au/game/rainbow-six/siege/news-updates/6b2rj9Kf1onAvpLRqvNB1r/y6s4-preseason-designers-notes ; https://www.ubisoft.com/en-us/game/rainbow-six/siege/game-info/seasons/highcalibre,yes,Y6S4
environment.outdoors,generic.proximity_alarm,placeable_after_prep,Can be placed outside the building after the prep phase.,https://rainbowsix.fandom.com/wiki/Proximity_Alarm,yes,Fandom 2026-09
action.reinforce,mute.signal_disruptor,destroy_if_too_close,A jammer too close to a wall that gets reinforced is destroyed (deployment destroys gadgets on/under the wall).,https://rainbowsix.fandom.com/wiki/Mute ; https://rainbowsix.fandom.com/wiki/Reinforcement,yes,Fandom 2026-09
action.reinforce,lesion.gu_mine,destroy_if_too_close,Same rule for Gu mines.,https://rainbowsix.fandom.com/wiki/Lesion ; https://rainbowsix.fandom.com/wiki/Reinforcement,yes,Fandom 2026-09
action.reinforce,generic.bulletproof_camera,destroy_if_on_wall,Reinforcing destroys all gadgets and map props placed on that wall section; the bar crushes gadgets under it.,https://rainbowsix.fandom.com/wiki/Reinforcement,yes,Fandom 2026-09
action.reinforce,skopos.shell_idle,no_block,The idle shell must not block teammates reinforcing or barricading next to it (fixed Y9S4 and again Y10S2.2).,https://www.ubisoft.com/en-us/game/rainbow-six/siege/news-updates/3owjfmZ0uv2zFYU99TpkSw/y10s22-patch-notes ; https://siege.gg/news/siege-x-y10s2-2-patch-notes,yes,Y10S2.2
action.reinforce,mira.black_mirror,blocked,A soft wall that already holds a Black Mirror cannot be reinforced afterwards (current build UNVERIFIED).,https://rainbowsix.fandom.com/wiki/Mira_(Siege) ; https://rainbowsix.fandom.com/wiki/Reinforcement,UNVERIFIED,Fandom 2026-09
ingredient.gas_pipe,drone.standard,destroy,Fire is team-neutral in Siege X and destroys devices that touch it (official statement for fire in general; not stated per gadget).,https://www.ubisoft.com/en-us/game/rainbow-six/siege/news-updates/seasons/daybreak,UNVERIFIED,Y10S2
ingredient.gas_pipe,player.attacker,damage,"Flame jet, explosion and ground fire damage any operator in range (either team). All values UNVERIFIED.",https://news.ubisoft.com/en-us/article/55e9bGaVCdO52trbclOhpf/rainbow-six-siege-x-showcase-everything-you-need-to-know ; https://www.ubisoft.com/en-us/game/rainbow-six/siege/news-updates/seasons/daybreak,yes,Y10S2
ingredient.fire_extinguisher,player.defender,concuss,Smoke cloud (~5 s per siege.gg) + concussion close by (radius/duration UNVERIFIED). Either team.,https://news.ubisoft.com/en-us/article/55e9bGaVCdO52trbclOhpf/rainbow-six-siege-x-showcase-everything-you-need-to-know ; https://siege.gg/news/destructible-ingredients-to-change-the-game-in-siege-x,yes,Y10S2
ingredient.metal_detector,player.attacker,alarm,Loud beeping when passed through. Whether defenders also trigger it is UNVERIFIED. Oregon: none expected (UNVERIFIED).,https://www.ubisoft.com/en-us/game/rainbow-six/siege/news-updates/seasons/daybreak ; https://siege.gg/news/destructible-ingredients-to-change-the-game-in-siege-x,yes,Y10S2
sledge.breaching_hammer,ingredient.gas_pipe,trigger,PLACEHOLDER. Fandom only says environmental props cost one swing; hammer vs ingredients is unknown.,https://rainbowsix.fandom.com/wiki/Sledge_(Siege),UNVERIFIED,none
